,Visitor,PTS,Home,PTS.1,visitorWin,homeWin,visTotWL,homeTotWL,visvisWL,homehomeWL,visMatchupWL,homeMatchupWL
0,New York Knicks,88,Cleveland Cavaliers,117,0.0,1.0,,,,,,
1,San Antonio Spurs,129,Golden State Warriors,100,1.0,0.0,,,,,,
2,Utah Jazz,104,Portland Trail Blazers,113,0.0,1.0,,,,,,
3,Brooklyn Nets,117,Boston Celtics,122,0.0,1.0,,,,,,
4,Dallas Mavericks,121,Indiana Pacers,130,0.0,1.0,,,,,,
5,Houston Rockets,114,Los Angeles Lakers,120,0.0,1.0,,,,,,
6,Minnesota Timberwolves,98,Memphis Grizzlies,102,0.0,1.0,,,,,,
7,Charlotte Hornets,107,Milwaukee Bucks,96,1.0,0.0,,,,,,
8,Denver Nuggets,107,New Orleans Pelicans,102,1.0,0.0,,,,,,
9,Miami Heat,108,Orlando Magic,96,1.0,0.0,,,,,,
10,Oklahoma City Thunder,103,Philadelphia 76ers,97,1.0,0.0,,,,,,
11,Sacramento Kings,113,Phoenix Suns,94,1.0,0.0,,,,,,
12,Detroit Pistons,91,Toronto Raptors,109,0.0,1.0,,,,,,
13,Washington Wizards,99,Atlanta Hawks,114,0.0,1.0,,,,,,
14,Boston Celtics,99,Chicago Bulls,105,0.0,1.0,,,,,,
15,Los Angeles Clippers,114,Portland Trail Blazers,106,1.0,0.0,,,,,,
16,San Antonio Spurs,102,Sacramento Kings,94,1.0,0.0,,,,,,
17,Indiana Pacers,94,Brooklyn Nets,103,0.0,1.0,,,,,,
18,Houston Rockets,106,Dallas Mavericks,98,1.0,0.0,,,,,,
19,Orlando Magic,82,Detroit Pistons,108,0.0,1.0,,,,,,
20,Charlotte Hornets,97,Miami Heat,91,1.0,0.0,,,,,,
21,Golden State Warriors,122,New Orleans Pelicans,114,1.0,0.0,,,,,,
22,Phoenix Suns,110,Oklahoma City Thunder,113,0.0,1.0,,,,,,
23,Cleveland Cavaliers,94,Toronto Raptors,91,1.0,0.0,,,,,,
24,Los Angeles Lakers,89,Utah Jazz,96,0.0,1.0,,,,,,
25,Indiana Pacers,101,Chicago Bulls,118,0.0,1.0,,,,,,
26,Boston Celtics,104,Charlotte Hornets,98,1.0,0.0,,,,,,
27,Orlando Magic,99,Cleveland Cavaliers,105,0.0,1.0,,,,,,
28,Portland Trail Blazers,115,Denver Nuggets,113,1.0,0.0,,,,,,
29,Brooklyn Nets,108,Milwaukee Bucks,110,0.0,1.0,,,,,,
30,Memphis Grizzlies,104,New York Knicks,111,0.0,1.0,,,,,,
31,Atlanta Hawks,104,Philadelphia 76ers,72,1.0,0.0,,,,,,
32,Minnesota Timberwolves,103,Sacramento Kings,106,0.0,1.0,,,,,,
33,New Orleans Pelicans,79,San Antonio Spurs,98,0.0,1.0,,,,,,
34,Milwaukee Bucks,83,Detroit Pistons,98,0.0,1.0,,,,,,
35,Dallas Mavericks,92,Houston Rockets,93,0.0,1.0,,,,,,
36,Utah Jazz,75,Los Angeles Clippers,88,0.0,1.0,,,,,,
37,Washington Wizards,103,Memphis Grizzlies,112,0.0,1.0,,,,,,
38,San Antonio Spurs,106,Miami Heat,99,1.0,0.0,,,,,,
39,Los Angeles Lakers,96,Oklahoma City Thunder,113,0.0,1.0,,,,,,
40,Golden State Warriors,106,Phoenix Suns,100,1.0,0.0,,,,,,
41,Sacramento Kings,95,Atlanta Hawks,106,0.0,1.0,,,,,,
42,Chicago Bulls,118,Brooklyn Nets,88,1.0,0.0,,,,,,
43,Phoenix Suns,98,Los Angeles Clippers,116,0.0,1.0,,,,,,
44,Denver Nuggets,102,Toronto Raptors,105,0.0,1.0,,,,,,
45,Houston Rockets,120,Cleveland Cavaliers,128,0.0,1.0,,,,,,
46,New York Knicks,89,Detroit Pistons,102,0.0,1.0,,,,,,
47,Los Angeles Lakers,108,Indiana Pacers,115,0.0,1.0,,,,,,
48,Sacramento Kings,96,Miami Heat,108,0.0,1.0,,,,,,
49,Memphis Grizzlies,80,Minnesota Timberwolves,116,0.0,1.0,,,,,,
50,Milwaukee Bucks,117,New Orleans Pelicans,113,1.0,0.0,,,,,,
51,Orlando Magic,103,Philadelphia 76ers,101,1.0,0.0,,,,,,
52,Golden State Warriors,127,Portland Trail Blazers,104,1.0,0.0,,,,,,
53,Utah Jazz,106,San Antonio Spurs,91,1.0,0.0,,,,,,
54,Los Angeles Lakers,123,Atlanta Hawks,116,1.0,0.0,,,,,,
55,Chicago Bulls,100,Boston Celtics,107,0.0,1.0,,,,,,
56,Detroit Pistons,101,Brooklyn Nets,109,0.0,1.0,,,,,,
57,Philadelphia 76ers,93,Charlotte Hornets,109,0.0,1.0,,,,,,
58,Oklahoma City Thunder,85,Los Angeles Clippers,83,1.0,0.0,,,,,,
59,New Orleans Pelicans,83,Memphis Grizzlies,89,0.0,1.0,,,,,,
60,Houston Rockets,118,New York Knicks,99,1.0,0.0,,,,,,
61,Portland Trail Blazers,115,Phoenix Suns,118,0.0,1.0,,,,,,
62,Dallas Mavericks,81,Utah Jazz,97,0.0,1.0,,,,,,
63,Toronto Raptors,113,Washington Wizards,103,1.0,0.0,,,,,,
64,Boston Celtics,122,Cleveland Cavaliers,128,0.0,1.0,,,,,,
65,Oklahoma City Thunder,96,Golden State Warriors,122,0.0,1.0,,,,,,
66,Indiana Pacers,107,Milwaukee Bucks,125,0.0,1.0,,,,,,
67,Denver Nuggets,102,Minnesota Timberwolves,99,1.0,0.0,,,,,,
68,Sacramento Kings,94,Orlando Magic,102,0.0,1.0,,,,,,
69,Charlotte Hornets,99,Brooklyn Nets,95,1.0,0.0,,,,,,
70,New York Knicks,117,Chicago Bulls,104,1.0,0.0,,,,,,
71,Portland Trail Blazers,105,Dallas Mavericks,95,1.0,0.0,,,,,,
72,Golden State Warriors,97,Los Angeles Lakers,117,0.0,1.0,,,,,,
73,Los Angeles Clippers,99,Memphis Grizzlies,88,1.0,0.0,,,,,,
74,Phoenix Suns,112,New Orleans Pelicans,111,1.0,0.0,,,,,,
75,Miami Heat,87,Toronto Raptors,96,0.0,1.0,,,,,,
76,San Antonio Spurs,100,Utah Jazz,86,1.0,0.0,,,,,,
77,Atlanta Hawks,92,Washington Wizards,95,0.0,1.0,,,,,,
78,Houston Rockets,97,Atlanta Hawks,112,0.0,1.0,,,,,,
79,Denver Nuggets,86,Detroit Pistons,103,0.0,1.0,,,,,,
80,Chicago Bulls,94,Indiana Pacers,111,0.0,1.0,,,,,,
81,Sacramento Kings,91,Milwaukee Bucks,117,0.0,1.0,,,,,,
82,Minnesota Timberwolves,92,Oklahoma City Thunder,112,0.0,1.0,,,,,,
83,Washington Wizards,86,Orlando Magic,88,0.0,1.0,,,,,,
84,Cleveland Cavaliers,102,Philadelphia 76ers,101,1.0,0.0,,,,,,
85,Los Angeles Clippers,116,San Antonio Spurs,92,1.0,0.0,,,,,,
86,Denver Nuggets,123,Boston Celtics,107,1.0,0.0,,,,,,
87,Milwaukee Bucks,75,Dallas Mavericks,86,0.0,1.0,,,,,,
88,Phoenix Suns,108,Los Angeles Lakers,119,0.0,1.0,,,,,,
89,Portland Trail Blazers,100,Memphis Grizzlies,94,1.0,0.0,,,,,,
90,Utah Jazz,114,New York Knicks,109,1.0,0.0,,,,,,
91,Sacramento Kings,96,Toronto Raptors,91,1.0,0.0,,,,,,
92,Orlando Magic,80,Chicago Bulls,112,0.0,1.0,,,,,,
93,Indiana Pacers,100,Charlotte Hornets,122,0.0,1.0,,,,,,
94,New Orleans Pelicans,106,Golden State Warriors,116,0.0,1.0,,,,,,
95,Detroit Pistons,82,Los Angeles Clippers,114,0.0,1.0,,,,,,
96,Miami Heat,85,Oklahoma City Thunder,97,0.0,1.0,,,,,,
97,Utah Jazz,109,Philadelphia 76ers,84,1.0,0.0,,,,,,
98,Houston Rockets,114,Washington Wizards,106,1.0,0.0,,,,,,
99,Minnesota Timberwolves,110,Brooklyn Nets,119,0.0,1.0,,,,,,
100,Atlanta Hawks,110,Cleveland Cavaliers,106,1.0,0.0,,,,,,
101,Dallas Mavericks,109,Los Angeles Lakers,97,1.0,0.0,,,,,,
102,Denver Nuggets,107,Memphis Grizzlies,108,0.0,1.0,,,,,,
103,Phoenix Suns,121,Portland Trail Blazers,124,0.0,1.0,,,,,,
104,New Orleans Pelicans,94,Sacramento Kings,102,0.0,1.0,,,,,,
105,Chicago Bulls,107,Atlanta Hawks,115,0.0,1.0,,,,,,
106,Utah Jazz,98,Charlotte Hornets,104,0.0,1.0,,,,,,
107,Dallas Mavericks,95,Golden State Warriors,116,0.0,1.0,,,,,,
108,Philadelphia 76ers,115,Indiana Pacers,122,0.0,1.0,,,,,,
109,Portland Trail Blazers,80,Los Angeles Clippers,111,0.0,1.0,,,,,,
110,Brooklyn Nets,96,New York Knicks,110,0.0,1.0,,,,,,
111,Toronto Raptors,112,Oklahoma City Thunder,102,1.0,0.0,,,,,,
112,Minnesota Timberwolves,123,Orlando Magic,107,1.0,0.0,,,,,,
113,Detroit Pistons,100,Phoenix Suns,107,0.0,1.0,,,,,,
114,Houston Rockets,101,San Antonio Spurs,99,1.0,0.0,,,,,,
115,Boston Celtics,93,Washington Wizards,118,0.0,1.0,,,,,,
116,Golden State Warriors,125,Denver Nuggets,101,1.0,0.0,,,,,,
117,Chicago Bulls,98,Miami Heat,95,1.0,0.0,,,,,,
118,New Orleans Pelicans,112,Milwaukee Bucks,106,1.0,0.0,,,,,,
119,Los Angeles Lakers,101,Sacramento Kings,91,1.0,0.0,,,,,,
120,New York Knicks,87,Boston Celtics,115,0.0,1.0,,,,,,
121,Toronto Raptors,113,Charlotte Hornets,111,1.0,0.0,,,,,,
122,Los Angeles Clippers,110,Oklahoma City Thunder,108,1.0,0.0,,,,,,
123,Utah Jazz,87,Orlando Magic,74,1.0,0.0,,,,,,
124,Indiana Pacers,105,Philadelphia 76ers,109,0.0,1.0,,,,,,
125,Sacramento Kings,120,Portland Trail Blazers,122,0.0,1.0,,,,,,
126,Detroit Pistons,86,San Antonio Spurs,96,0.0,1.0,,,,,,
127,Cleveland Cavaliers,105,Washington Wizards,94,1.0,0.0,,,,,,
128,Philadelphia 76ers,96,Atlanta Hawks,117,0.0,1.0,,,,,,
129,Washington Wizards,95,Chicago Bulls,106,0.0,1.0,,,,,,
130,Detroit Pistons,106,Denver Nuggets,95,1.0,0.0,,,,,,
131,San Antonio Spurs,106,Houston Rockets,100,1.0,0.0,,,,,,
132,Boston Celtics,105,Indiana Pacers,99,1.0,0.0,,,,,,
133,Utah Jazz,102,Miami Heat,91,1.0,0.0,,,,,,
134,Memphis Grizzlies,96,Milwaukee Bucks,106,0.0,1.0,,,,,,
135,Los Angeles Clippers,119,Minnesota Timberwolves,105,1.0,0.0,,,,,,
136,Los Angeles Lakers,126,New Orleans Pelicans,99,1.0,0.0,,,,,,
137,Brooklyn Nets,122,Phoenix Suns,104,1.0,0.0,,,,,,
138,New York Knicks,107,Toronto Raptors,118,0.0,1.0,,,,,,
139,Charlotte Hornets,93,Cleveland Cavaliers,100,0.0,1.0,,,,,,
140,Phoenix Suns,120,Golden State Warriors,133,0.0,1.0,,,,,,
141,Los Angeles Lakers,99,Minnesota Timberwolves,125,0.0,1.0,,,,,,
142,Orlando Magic,119,Oklahoma City Thunder,117,1.0,0.0,,,,,,
143,Denver Nuggets,105,Portland Trail Blazers,112,0.0,1.0,,,,,,
144,Oklahoma City Thunder,88,Detroit Pistons,104,0.0,1.0,,,,,,
145,Philadelphia 76ers,88,Houston Rockets,115,0.0,1.0,,,,,,
146,Orlando Magic,69,Indiana Pacers,88,0.0,1.0,,,,,,
147,Brooklyn Nets,95,Los Angeles Clippers,127,0.0,1.0,,,,,,
148,Boston Celtics,105,New Orleans Pelicans,106,0.0,1.0,,,,,,
149,Dallas Mavericks,77,New York Knicks,93,0.0,1.0,,,,,,
150,Miami Heat,90,San Antonio Spurs,94,0.0,1.0,,,,,,
151,Memphis Grizzlies,102,Utah Jazz,96,1.0,0.0,,,,,,
152,Toronto Raptors,117,Cleveland Cavaliers,121,0.0,1.0,,,,,,
153,Brooklyn Nets,118,Los Angeles Lakers,125,0.0,1.0,,,,,,
154,Atlanta Hawks,93,Miami Heat,90,1.0,0.0,,,,,,
155,Charlotte Hornets,115,Minnesota Timberwolves,108,1.0,0.0,,,,,,
156,Chicago Bulls,113,Portland Trail Blazers,88,1.0,0.0,,,,,,
157,Milwaukee Bucks,100,Atlanta Hawks,107,0.0,1.0,,,,,,
158,Dallas Mavericks,83,Boston Celtics,90,0.0,1.0,,,,,,
159,Phoenix Suns,104,Denver Nuggets,120,0.0,1.0,,,,,,
160,Cleveland Cavaliers,93,Indiana Pacers,103,0.0,1.0,,,,,,
161,Memphis Grizzlies,111,Los Angeles Clippers,107,1.0,0.0,,,,,,
162,Detroit Pistons,102,New York Knicks,105,0.0,1.0,,,,,,
163,Houston Rockets,103,Oklahoma City Thunder,105,0.0,1.0,,,,,,
164,New Orleans Pelicans,82,Orlando Magic,89,0.0,1.0,,,,,,
165,Washington Wizards,102,Philadelphia 76ers,109,0.0,1.0,,,,,,
166,San Antonio Spurs,110,Sacramento Kings,105,1.0,0.0,,,,,,
167,Golden State Warriors,127,Toronto Raptors,121,1.0,0.0,,,,,,
168,Portland Trail Blazers,109,Houston Rockets,126,0.0,1.0,,,,,,
169,Milwaukee Bucks,73,Miami Heat,96,0.0,1.0,,,,,,
170,Philadelphia 76ers,86,Minnesota Timberwolves,110,0.0,1.0,,,,,,
171,Chicago Bulls,85,Utah Jazz,77,1.0,0.0,,,,,,
172,New York Knicks,112,Washington Wizards,119,0.0,1.0,,,,,,
173,Golden State Warriors,104,Boston Celtics,88,1.0,0.0,,,,,,
174,Atlanta Hawks,96,Charlotte Hornets,100,0.0,1.0,,,,,,
175,Detroit Pistons,81,Cleveland Cavaliers,104,0.0,1.0,,,,,,
176,Memphis Grizzlies,80,Dallas Mavericks,64,1.0,0.0,,,,,,
177,Toronto Raptors,113,Denver Nuggets,111,1.0,0.0,,,,,,
178,Phoenix Suns,116,Indiana Pacers,96,1.0,0.0,,,,,,
179,San Antonio Spurs,116,Los Angeles Lakers,107,1.0,0.0,,,,,,
180,Portland Trail Blazers,101,New Orleans Pelicans,113,0.0,1.0,,,,,,
181,Brooklyn Nets,105,Oklahoma City Thunder,124,0.0,1.0,,,,,,
182,Los Angeles Clippers,121,Sacramento Kings,115,1.0,0.0,,,,,,
183,Boston Celtics,94,Detroit Pistons,92,1.0,0.0,,,,,,
184,Utah Jazz,102,Houston Rockets,111,0.0,1.0,,,,,,
185,Chicago Bulls,95,Los Angeles Clippers,102,0.0,1.0,,,,,,
186,Minnesota Timberwolves,71,Memphis Grizzlies,93,0.0,1.0,,,,,,
187,Golden State Warriors,124,Milwaukee Bucks,121,1.0,0.0,,,,,,
188,Charlotte Hornets,116,New Orleans Pelicans,121,0.0,1.0,,,,,,
189,Dallas Mavericks,87,Orlando Magic,95,0.0,1.0,,,,,,
190,Phoenix Suns,105,Philadelphia 76ers,120,0.0,1.0,,,,,,
191,Miami Heat,114,Washington Wizards,111,1.0,0.0,,,,,,
192,Portland Trail Blazers,129,Brooklyn Nets,109,1.0,0.0,,,,,,
193,Utah Jazz,91,Denver Nuggets,105,0.0,1.0,,,,,,
194,Chicago Bulls,118,Los Angeles Lakers,110,1.0,0.0,,,,,,
195,Atlanta Hawks,94,New York Knicks,104,0.0,1.0,,,,,,
196,Indiana Pacers,115,Oklahoma City Thunder,111,1.0,0.0,,,,,,
197,Toronto Raptors,99,Sacramento Kings,102,0.0,1.0,,,,,,
198,Memphis Grizzlies,105,Charlotte Hornets,90,1.0,0.0,,,,,,
199,Houston Rockets,99,Detroit Pistons,96,1.0,0.0,,,,,,
200,Golden State Warriors,120,Indiana Pacers,83,1.0,0.0,,,,,,
201,Toronto Raptors,115,Los Angeles Clippers,123,0.0,1.0,,,,,,
202,Orlando Magic,89,Milwaukee Bucks,93,0.0,1.0,,,,,,
203,Boston Celtics,99,Minnesota Timberwolves,93,1.0,0.0,,,,,,
204,Miami Heat,94,Philadelphia 76ers,101,0.0,1.0,,,,,,
205,Dallas Mavericks,91,San Antonio Spurs,96,0.0,1.0,,,,,,
206,Phoenix Suns,101,Washington Wizards,106,0.0,1.0,,,,,,
207,New Orleans Pelicans,112,Atlanta Hawks,94,1.0,0.0,,,,,,
208,Chicago Bulls,107,Denver Nuggets,110,0.0,1.0,,,,,,
209,Oklahoma City Thunder,109,Los Angeles Lakers,111,0.0,1.0,,,,,,
210,Portland Trail Blazers,103,New York Knicks,107,0.0,1.0,,,,,,
211,Boston Celtics,111,Brooklyn Nets,92,1.0,0.0,,,,,,
212,San Antonio Spurs,119,Charlotte Hornets,114,1.0,0.0,,,,,,
213,Portland Trail Blazers,125,Cleveland Cavaliers,137,0.0,1.0,,,,,,
214,Los Angeles Clippers,124,Dallas Mavericks,104,1.0,0.0,,,,,,
215,Miami Heat,84,Detroit Pistons,107,0.0,1.0,,,,,,
216,Los Angeles Lakers,106,Golden State Warriors,149,0.0,1.0,,,,,,
217,Toronto Raptors,115,Houston Rockets,102,1.0,0.0,,,,,,
218,Atlanta Hawks,96,Indiana Pacers,85,1.0,0.0,,,,,,
219,Minnesota Timberwolves,96,New Orleans Pelicans,117,0.0,1.0,,,,,,
220,Phoenix Suns,92,Orlando Magic,87,1.0,0.0,,,,,,
221,Memphis Grizzlies,104,Philadelphia 76ers,99,1.0,0.0,,,,,,
222,Oklahoma City Thunder,101,Sacramento Kings,116,0.0,1.0,,,,,,
223,Denver Nuggets,83,Utah Jazz,108,0.0,1.0,,,,,,
224,San Antonio Spurs,109,Boston Celtics,103,1.0,0.0,,,,,,
225,Dallas Mavericks,90,Cleveland Cavaliers,128,0.0,1.0,,,,,,
226,Oklahoma City Thunder,132,Denver Nuggets,129,1.0,0.0,,,,,,
227,Los Angeles Clippers,97,Detroit Pistons,108,0.0,1.0,,,,,,
228,Brooklyn Nets,97,Indiana Pacers,118,0.0,1.0,,,,,,
229,Golden State Warriors,109,Los Angeles Lakers,85,1.0,0.0,,,,,,
230,Miami Heat,90,Memphis Grizzlies,81,1.0,0.0,,,,,,
231,Toronto Raptors,105,Milwaukee Bucks,99,1.0,0.0,,,,,,
232,Charlotte Hornets,111,New York Knicks,113,0.0,1.0,,,,,,
233,Washington Wizards,94,Orlando Magic,91,1.0,0.0,,,,,,
234,Chicago Bulls,105,Philadelphia 76ers,89,1.0,0.0,,,,,,
235,Minnesota Timberwolves,98,Phoenix Suns,85,1.0,0.0,,,,,,
236,New Orleans Pelicans,104,Portland Trail Blazers,119,0.0,1.0,,,,,,
237,Houston Rockets,117,Sacramento Kings,104,1.0,0.0,,,,,,
238,Atlanta Hawks,68,Utah Jazz,95,0.0,1.0,,,,,,
239,New York Knicks,102,Charlotte Hornets,107,0.0,1.0,,,,,,
240,Minnesota Timberwolves,102,Golden State Warriors,115,0.0,1.0,,,,,,
241,Memphis Grizzlies,110,Miami Heat,107,1.0,0.0,,,,,,
242,Detroit Pistons,88,Oklahoma City Thunder,106,0.0,1.0,,,,,,
243,San Antonio Spurs,112,Washington Wizards,100,1.0,0.0,,,,,,
244,Sacramento Kings,122,Brooklyn Nets,105,1.0,0.0,,,,,,
245,New Orleans Pelicans,81,Dallas Mavericks,91,0.0,1.0,,,,,,
246,Los Angeles Clippers,70,Indiana Pacers,91,0.0,1.0,,,,,,
247,Atlanta Hawks,94,Los Angeles Lakers,109,0.0,1.0,,,,,,
248,Milwaukee Bucks,104,Orlando Magic,96,1.0,0.0,,,,,,
249,Cleveland Cavaliers,112,Philadelphia 76ers,108,1.0,0.0,,,,,,
250,Denver Nuggets,120,Phoenix Suns,114,1.0,0.0,,,,,,
251,Houston Rockets,130,Portland Trail Blazers,114,1.0,0.0,,,,,,
252,Atlanta Hawks,100,Golden State Warriors,105,0.0,1.0,,,,,,
253,Charlotte Hornets,104,Memphis Grizzlies,85,1.0,0.0,,,,,,
254,Boston Celtics,112,Miami Heat,104,1.0,0.0,,,,,,
255,Utah Jazz,112,Minnesota Timberwolves,103,1.0,0.0,,,,,,
256,Oklahoma City Thunder,112,New York Knicks,103,1.0,0.0,,,,,,
257,Philadelphia 76ers,95,Toronto Raptors,122,0.0,1.0,,,,,,
258,Sacramento Kings,95,Washington Wizards,101,0.0,1.0,,,,,,
259,Los Angeles Clippers,122,Brooklyn Nets,127,0.0,1.0,,,,,,
260,Detroit Pistons,112,Charlotte Hornets,89,1.0,0.0,,,,,,
261,Cleveland Cavaliers,101,Milwaukee Bucks,118,0.0,1.0,,,,,,
262,Los Angeles Lakers,88,New Orleans Pelicans,105,0.0,1.0,,,,,,
263,Orlando Magic,95,San Antonio Spurs,83,1.0,0.0,,,,,,
264,Houston Rockets,101,Utah Jazz,120,0.0,1.0,,,,,,
265,Detroit Pistons,121,Boston Celtics,114,1.0,0.0,,,,,,
266,Los Angeles Lakers,96,Chicago Bulls,90,1.0,0.0,,,,,,
267,San Antonio Spurs,94,Dallas Mavericks,87,1.0,0.0,,,,,,
268,Miami Heat,106,Denver Nuggets,98,1.0,0.0,,,,,,
269,New York Knicks,106,Minnesota Timberwolves,104,1.0,0.0,,,,,,
270,Washington Wizards,115,Oklahoma City Thunder,126,0.0,1.0,,,,,,
271,Atlanta Hawks,107,Phoenix Suns,109,0.0,1.0,,,,,,
272,Indiana Pacers,109,Portland Trail Blazers,131,0.0,1.0,,,,,,
273,Memphis Grizzlies,105,Toronto Raptors,120,0.0,1.0,,,,,,
274,Milwaukee Bucks,111,Brooklyn Nets,93,1.0,0.0,,,,,,
275,Dallas Mavericks,87,Charlotte Hornets,97,0.0,1.0,,,,,,
276,Los Angeles Clippers,113,Cleveland Cavaliers,94,1.0,0.0,,,,,,
277,Houston Rockets,132,Golden State Warriors,127,1.0,0.0,,,,,,
278,Orlando Magic,94,Memphis Grizzlies,95,0.0,1.0,,,,,,
279,Miami Heat,111,Utah Jazz,110,1.0,0.0,,,,,,
280,Detroit Pistons,121,Atlanta Hawks,85,1.0,0.0,,,,,,
281,Sacramento Kings,92,Boston Celtics,97,0.0,1.0,,,,,,
282,Cleveland Cavaliers,105,Chicago Bulls,111,0.0,1.0,,,,,,
283,Houston Rockets,128,Denver Nuggets,110,1.0,0.0,,,,,,
284,Los Angeles Clippers,114,New Orleans Pelicans,96,1.0,0.0,,,,,,
285,Minnesota Timberwolves,114,New York Knicks,118,0.0,1.0,,,,,,
286,Orlando Magic,105,Philadelphia 76ers,88,1.0,0.0,,,,,,
287,Washington Wizards,105,San Antonio Spurs,107,0.0,1.0,,,,,,
288,Los Angeles Lakers,80,Toronto Raptors,113,0.0,1.0,,,,,,
289,Minnesota Timberwolves,125,Charlotte Hornets,120,1.0,0.0,,,,,,
290,Chicago Bulls,82,Dallas Mavericks,107,0.0,1.0,,,,,,
291,Phoenix Suns,109,Golden State Warriors,138,0.0,1.0,,,,,,
292,Los Angeles Lakers,100,Memphis Grizzlies,103,0.0,1.0,,,,,,
293,Brooklyn Nets,103,Milwaukee Bucks,112,0.0,1.0,,,,,,
294,Boston Celtics,107,Philadelphia 76ers,106,1.0,0.0,,,,,,
295,Miami Heat,92,Portland Trail Blazers,99,0.0,1.0,,,,,,
296,Atlanta Hawks,84,Toronto Raptors,128,0.0,1.0,,,,,,
297,Denver Nuggets,98,Utah Jazz,105,0.0,1.0,,,,,,
298,Orlando Magic,98,Detroit Pistons,92,1.0,0.0,,,,,,
299,Indiana Pacers,111,Los Angeles Clippers,102,1.0,0.0,,,,,,
300,Sacramento Kings,98,New York Knicks,106,0.0,1.0,,,,,,
301,New Orleans Pelicans,92,Oklahoma City Thunder,101,0.0,1.0,,,,,,
302,Oklahoma City Thunder,102,Atlanta Hawks,99,1.0,0.0,,,,,,
303,Washington Wizards,118,Brooklyn Nets,113,1.0,0.0,,,,,,
304,Portland Trail Blazers,112,Chicago Bulls,110,1.0,0.0,,,,,,
305,Charlotte Hornets,109,Dallas Mavericks,101,1.0,0.0,,,,,,
306,Indiana Pacers,106,Golden State Warriors,142,0.0,1.0,,,,,,
307,Boston Celtics,106,Houston Rockets,107,0.0,1.0,,,,,,
308,Utah Jazz,107,Los Angeles Lakers,101,1.0,0.0,,,,,,
309,San Antonio Spurs,97,Milwaukee Bucks,96,1.0,0.0,,,,,,
310,Memphis Grizzlies,110,New Orleans Pelicans,108,1.0,0.0,,,,,,
311,Denver Nuggets,106,Philadelphia 76ers,98,1.0,0.0,,,,,,
312,Cleveland Cavaliers,116,Toronto Raptors,112,1.0,0.0,,,,,,
313,Chicago Bulls,91,Detroit Pistons,102,0.0,1.0,,,,,,
314,Philadelphia 76ers,91,Memphis Grizzlies,96,0.0,1.0,,,,,,
315,New York Knicks,114,Miami Heat,103,1.0,0.0,,,,,,
316,San Antonio Spurs,105,Minnesota Timberwolves,91,1.0,0.0,,,,,,
317,Phoenix Suns,105,Utah Jazz,112,0.0,1.0,,,,,,
318,Orlando Magic,124,Washington Wizards,116,1.0,0.0,,,,,,
319,Miami Heat,95,Atlanta Hawks,103,0.0,1.0,,,,,,
320,Denver Nuggets,111,Brooklyn Nets,116,0.0,1.0,,,,,,
321,Detroit Pistons,77,Charlotte Hornets,87,0.0,1.0,,,,,,
322,Sacramento Kings,120,Dallas Mavericks,89,1.0,0.0,,,,,,
323,Los Angeles Lakers,95,Houston Rockets,134,0.0,1.0,,,,,,
324,Golden State Warriors,115,Los Angeles Clippers,98,1.0,0.0,,,,,,
325,Portland Trail Blazers,107,Milwaukee Bucks,115,0.0,1.0,,,,,,
326,Cleveland Cavaliers,126,New York Knicks,94,1.0,0.0,,,,,,
327,Boston Celtics,117,Orlando Magic,87,1.0,0.0,,,,,,
328,Indiana Pacers,109,Phoenix Suns,94,1.0,0.0,,,,,,
329,San Antonio Spurs,91,Chicago Bulls,95,0.0,1.0,,,,,,
330,Portland Trail Blazers,86,Memphis Grizzlies,88,0.0,1.0,,,,,,
331,Philadelphia 76ers,99,New Orleans Pelicans,88,1.0,0.0,,,,,,
332,Minnesota Timberwolves,110,Toronto Raptors,124,0.0,1.0,,,,,,
333,Golden State Warriors,106,Utah Jazz,99,1.0,0.0,,,,,,
334,Denver Nuggets,85,Washington Wizards,92,0.0,1.0,,,,,,
335,Toronto Raptors,101,Boston Celtics,94,1.0,0.0,,,,,,
336,Orlando Magic,88,Charlotte Hornets,109,0.0,1.0,,,,,,
337,Miami Heat,84,Cleveland Cavaliers,114,0.0,1.0,,,,,,
338,Indiana Pacers,103,Dallas Mavericks,111,0.0,1.0,,,,,,
339,Phoenix Suns,119,Los Angeles Lakers,115,1.0,0.0,,,,,,
340,Atlanta Hawks,114,Milwaukee Bucks,110,1.0,0.0,,,,,,
341,Detroit Pistons,117,Minnesota Timberwolves,90,1.0,0.0,,,,,,
342,Houston Rockets,102,Oklahoma City Thunder,99,1.0,0.0,,,,,,
343,New York Knicks,103,Sacramento Kings,100,1.0,0.0,,,,,,
344,Miami Heat,100,Chicago Bulls,105,0.0,1.0,,,,,,
345,Charlotte Hornets,105,Cleveland Cavaliers,116,0.0,1.0,,,,,,
346,Dallas Mavericks,87,Houston Rockets,109,0.0,1.0,,,,,,
347,Portland Trail Blazers,111,Indiana Pacers,118,0.0,1.0,,,,,,
348,New Orleans Pelicans,105,Los Angeles Clippers,133,0.0,1.0,,,,,,
349,Golden State Warriors,89,Memphis Grizzlies,110,0.0,1.0,,,,,,
350,Denver Nuggets,121,Orlando Magic,113,1.0,0.0,,,,,,
351,Brooklyn Nets,101,San Antonio Spurs,130,0.0,1.0,,,,,,
352,Sacramento Kings,84,Utah Jazz,104,0.0,1.0,,,,,,
353,Milwaukee Bucks,105,Washington Wizards,110,0.0,1.0,,,,,,
354,Philadelphia 76ers,97,Detroit Pistons,79,1.0,0.0,,,,,,
355,New York Knicks,118,Los Angeles Lakers,112,1.0,0.0,,,,,,
356,Golden State Warriors,116,Minnesota Timberwolves,108,1.0,0.0,,,,,,
357,Boston Celtics,96,Oklahoma City Thunder,99,0.0,1.0,,,,,,
358,New Orleans Pelicans,120,Phoenix Suns,119,1.0,0.0,,,,,,
359,Denver Nuggets,92,Dallas Mavericks,112,0.0,1.0,,,,,,
360,Brooklyn Nets,118,Houston Rockets,122,0.0,1.0,,,,,,
361,Charlotte Hornets,94,Indiana Pacers,110,0.0,1.0,,,,,,
362,Portland Trail Blazers,120,Los Angeles Clippers,121,0.0,1.0,,,,,,
363,Washington Wizards,101,Miami Heat,112,0.0,1.0,,,,,,
364,Los Angeles Lakers,92,Sacramento Kings,116,0.0,1.0,,,,,,
365,Milwaukee Bucks,100,Toronto Raptors,122,0.0,1.0,,,,,,
366,Orlando Magic,131,Atlanta Hawks,120,1.0,0.0,,,,,,
367,Minnesota Timberwolves,99,Chicago Bulls,94,1.0,0.0,,,,,,
368,Memphis Grizzlies,86,Cleveland Cavaliers,103,0.0,1.0,,,,,,
369,Golden State Warriors,113,New Orleans Pelicans,109,1.0,0.0,,,,,,
370,New York Knicks,111,Phoenix Suns,113,0.0,1.0,,,,,,
371,Oklahoma City Thunder,95,Portland Trail Blazers,114,0.0,1.0,,,,,,
372,Los Angeles Lakers,97,Brooklyn Nets,107,0.0,1.0,,,,,,
373,Detroit Pistons,95,Dallas Mavericks,85,1.0,0.0,,,,,,
374,Sacramento Kings,98,Houston Rockets,132,0.0,1.0,,,,,,
375,Cleveland Cavaliers,85,Memphis Grizzlies,93,0.0,1.0,,,,,,
376,Indiana Pacers,89,Miami Heat,95,0.0,1.0,,,,,,
377,Los Angeles Clippers,113,Orlando Magic,108,1.0,0.0,,,,,,
378,Toronto Raptors,123,Philadelphia 76ers,114,1.0,0.0,,,,,,
379,Boston Celtics,101,San Antonio Spurs,108,0.0,1.0,,,,,,
380,Oklahoma City Thunder,89,Utah Jazz,109,0.0,1.0,,,,,,
381,Charlotte Hornets,106,Washington Wizards,109,0.0,1.0,,,,,,
382,Portland Trail Blazers,120,Denver Nuggets,132,0.0,1.0,,,,,,
383,New York Knicks,90,Golden State Warriors,103,0.0,1.0,,,,,,
384,Chicago Bulls,97,Milwaukee Bucks,108,0.0,1.0,,,,,,
385,Indiana Pacers,95,New Orleans Pelicans,102,0.0,1.0,,,,,,
386,San Antonio Spurs,107,Phoenix Suns,92,1.0,0.0,,,,,,
387,Charlotte Hornets,88,Boston Celtics,96,0.0,1.0,,,,,,
388,Milwaukee Bucks,95,Chicago Bulls,69,1.0,0.0,,,,,,
389,New Orleans Pelicans,100,Houston Rockets,122,0.0,1.0,,,,,,
390,Sacramento Kings,96,Memphis Grizzlies,92,1.0,0.0,,,,,,
391,Los Angeles Clippers,102,Miami Heat,98,1.0,0.0,,,,,,
392,Brooklyn Nets,111,Orlando Magic,118,0.0,1.0,,,,,,
393,Los Angeles Lakers,100,Philadelphia 76ers,89,1.0,0.0,,,,,,
394,Atlanta Hawks,125,Toronto Raptors,121,1.0,0.0,,,,,,
395,Dallas Mavericks,100,Utah Jazz,103,0.0,1.0,,,,,,
396,Detroit Pistons,108,Washington Wizards,122,0.0,1.0,,,,,,
397,Charlotte Hornets,107,Atlanta Hawks,99,1.0,0.0,,,,,,
398,Los Angeles Lakers,108,Cleveland Cavaliers,119,0.0,1.0,,,,,,
399,New York Knicks,114,Denver Nuggets,127,0.0,1.0,,,,,,
400,Indiana Pacers,105,Detroit Pistons,90,1.0,0.0,,,,,,
401,Portland Trail Blazers,90,Golden State Warriors,135,0.0,1.0,,,,,,
402,Houston Rockets,111,Minnesota Timberwolves,109,1.0,0.0,,,,,,
403,Phoenix Suns,101,Oklahoma City Thunder,114,0.0,1.0,,,,,,
404,Sacramento Kings,79,Dallas Mavericks,99,0.0,1.0,,,,,,
405,Utah Jazz,82,Memphis Grizzlies,73,1.0,0.0,,,,,,
406,Boston Celtics,105,Miami Heat,95,1.0,0.0,,,,,,
407,Toronto Raptors,109,Orlando Magic,79,1.0,0.0,,,,,,
408,Brooklyn Nets,107,Philadelphia 76ers,108,0.0,1.0,,,,,,
409,New Orleans Pelicans,100,San Antonio Spurs,113,0.0,1.0,,,,,,
410,Los Angeles Clippers,110,Washington Wizards,117,0.0,1.0,,,,,,
411,Detroit Pistons,82,Chicago Bulls,113,0.0,1.0,,,,,,
412,Dallas Mavericks,107,Denver Nuggets,117,0.0,1.0,,,,,,
413,Washington Wizards,105,Indiana Pacers,107,0.0,1.0,,,,,,
414,Phoenix Suns,108,Minnesota Timberwolves,115,0.0,1.0,,,,,,
415,Atlanta Hawks,110,Oklahoma City Thunder,108,1.0,0.0,,,,,,
416,Los Angeles Lakers,113,Charlotte Hornets,117,0.0,1.0,,,,,,
417,Utah Jazz,74,Golden State Warriors,104,0.0,1.0,,,,,,
418,San Antonio Spurs,102,Houston Rockets,100,1.0,0.0,,,,,,
419,Denver Nuggets,102,Los Angeles Clippers,119,0.0,1.0,,,,,,
420,Boston Celtics,112,Memphis Grizzlies,109,1.0,0.0,,,,,,
421,Orlando Magic,136,Miami Heat,130,1.0,0.0,,,,,,
422,Cleveland Cavaliers,114,Milwaukee Bucks,108,1.0,0.0,,,,,,
423,Indiana Pacers,111,New York Knicks,118,0.0,1.0,,,,,,
424,New Orleans Pelicans,108,Philadelphia 76ers,93,1.0,0.0,,,,,,
425,Portland Trail Blazers,121,Sacramento Kings,126,0.0,1.0,,,,,,
426,Brooklyn Nets,104,Toronto Raptors,116,0.0,1.0,,,,,,
427,Minnesota Timberwolves,92,Atlanta Hawks,84,1.0,0.0,,,,,,
428,Washington Wizards,107,Chicago Bulls,97,1.0,0.0,,,,,,
429,Milwaukee Bucks,102,Cleveland Cavaliers,113,0.0,1.0,,,,,,
430,Memphis Grizzlies,98,Detroit Pistons,86,1.0,0.0,,,,,,
431,Oklahoma City Thunder,121,New Orleans Pelicans,110,1.0,0.0,,,,,,
432,Houston Rockets,125,Phoenix Suns,111,1.0,0.0,,,,,,
433,Dallas Mavericks,96,Portland Trail Blazers,95,1.0,0.0,,,,,,
434,Sacramento Kings,94,Utah Jazz,93,1.0,0.0,,,,,,
435,Golden State Warriors,117,Brooklyn Nets,101,1.0,0.0,,,,,,
436,Boston Celtics,109,Indiana Pacers,102,1.0,0.0,,,,,,
437,San Antonio Spurs,101,Los Angeles Clippers,106,0.0,1.0,,,,,,
438,Los Angeles Lakers,107,Miami Heat,115,0.0,1.0,,,,,,
439,Orlando Magic,95,New York Knicks,106,0.0,1.0,,,,,,
440,Oklahoma City Thunder,117,Boston Celtics,112,1.0,0.0,,,,,,
441,Chicago Bulls,91,Charlotte Hornets,103,0.0,1.0,,,,,,
442,Brooklyn Nets,99,Cleveland Cavaliers,119,0.0,1.0,,,,,,
443,Atlanta Hawks,109,Denver Nuggets,108,1.0,0.0,,,,,,
444,Golden State Warriors,119,Detroit Pistons,113,1.0,0.0,,,,,,
445,Dallas Mavericks,90,Los Angeles Clippers,88,1.0,0.0,,,,,,
446,Houston Rockets,109,Memphis Grizzlies,115,0.0,1.0,,,,,,
447,Washington Wizards,96,Milwaukee Bucks,123,0.0,1.0,,,,,,
448,Sacramento Kings,109,Minnesota Timberwolves,105,1.0,0.0,,,,,,
449,Miami Heat,87,New Orleans Pelicans,91,0.0,1.0,,,,,,
450,Los Angeles Lakers,90,Orlando Magic,109,0.0,1.0,,,,,,
451,Philadelphia 76ers,116,Phoenix Suns,123,0.0,1.0,,,,,,
452,San Antonio Spurs,110,Portland Trail Blazers,90,1.0,0.0,,,,,,
453,Toronto Raptors,104,Utah Jazz,98,1.0,0.0,,,,,,
454,Golden State Warriors,108,Cleveland Cavaliers,109,0.0,1.0,,,,,,
455,Los Angeles Clippers,102,Los Angeles Lakers,111,0.0,1.0,,,,,,
456,Boston Celtics,119,New York Knicks,114,1.0,0.0,,,,,,
457,Minnesota Timberwolves,100,Oklahoma City Thunder,112,0.0,1.0,,,,,,
458,Chicago Bulls,100,San Antonio Spurs,119,0.0,1.0,,,,,,
459,Charlotte Hornets,118,Brooklyn Nets,120,0.0,1.0,,,,,,
460,Indiana Pacers,85,Chicago Bulls,90,0.0,1.0,,,,,,
461,Cleveland Cavaliers,90,Detroit Pistons,106,0.0,1.0,,,,,,
462,Phoenix Suns,115,Houston Rockets,131,0.0,1.0,,,,,,
463,Denver Nuggets,106,Los Angeles Clippers,102,1.0,0.0,,,,,,
464,Atlanta Hawks,90,Minnesota Timberwolves,104,0.0,1.0,,,,,,
465,Dallas Mavericks,104,New Orleans Pelicans,111,0.0,1.0,,,,,,
466,Memphis Grizzlies,102,Orlando Magic,112,0.0,1.0,,,,,,
467,Toronto Raptors,95,Portland Trail Blazers,91,1.0,0.0,,,,,,
468,Philadelphia 76ers,100,Sacramento Kings,102,0.0,1.0,,,,,,
469,Milwaukee Bucks,102,Washington Wizards,107,0.0,1.0,,,,,,
470,Memphis Grizzlies,103,Boston Celtics,113,0.0,1.0,,,,,,
471,Houston Rockets,123,Dallas Mavericks,107,1.0,0.0,,,,,,
472,Utah Jazz,102,Los Angeles Lakers,100,1.0,0.0,,,,,,
473,Oklahoma City Thunder,106,Miami Heat,94,1.0,0.0,,,,,,
474,New York Knicks,98,Atlanta Hawks,102,0.0,1.0,,,,,,
475,Brooklyn Nets,99,Chicago Bulls,101,0.0,1.0,,,,,,
476,Minnesota Timberwolves,103,Denver Nuggets,105,0.0,1.0,,,,,,
477,Milwaukee Bucks,119,Detroit Pistons,94,1.0,0.0,,,,,,
478,Toronto Raptors,111,Golden State Warriors,121,0.0,1.0,,,,,,
479,Los Angeles Clippers,98,New Orleans Pelicans,102,0.0,1.0,,,,,,
480,Charlotte Hornets,120,Orlando Magic,101,1.0,0.0,,,,,,
481,Sacramento Kings,89,Portland Trail Blazers,102,0.0,1.0,,,,,,
482,Phoenix Suns,98,San Antonio Spurs,119,0.0,1.0,,,,,,
483,Indiana Pacers,105,Washington Wizards,111,0.0,1.0,,,,,,
484,Miami Heat,82,Charlotte Hornets,91,0.0,1.0,,,,,,
485,Boston Celtics,118,Cleveland Cavaliers,124,0.0,1.0,,,,,,
486,Dallas Mavericks,101,Los Angeles Lakers,89,1.0,0.0,,,,,,
487,Oklahoma City Thunder,80,Memphis Grizzlies,114,0.0,1.0,,,,,,
488,Toronto Raptors,91,Phoenix Suns,99,0.0,1.0,,,,,,
489,Philadelphia 76ers,83,Utah Jazz,100,0.0,1.0,,,,,,
490,Detroit Pistons,98,Atlanta Hawks,105,0.0,1.0,,,,,,
491,Miami Heat,114,Boston Celtics,117,0.0,1.0,,,,,,
492,Philadelphia 76ers,124,Denver Nuggets,122,1.0,0.0,,,,,,
493,Dallas Mavericks,99,Golden State Warriors,108,0.0,1.0,,,,,,
494,Los Angeles Clippers,116,Houston Rockets,140,0.0,1.0,,,,,,
495,Chicago Bulls,101,Indiana Pacers,111,0.0,1.0,,,,,,
496,Milwaukee Bucks,99,Minnesota Timberwolves,116,0.0,1.0,,,,,,
497,New York Knicks,92,New Orleans Pelicans,104,0.0,1.0,,,,,,
498,Portland Trail Blazers,94,San Antonio Spurs,110,0.0,1.0,,,,,,
499,Brooklyn Nets,95,Washington Wizards,118,0.0,1.0,,,,,,
500,Milwaukee Bucks,116,Chicago Bulls,96,1.0,0.0,,,,,,
501,Cleveland Cavaliers,121,Charlotte Hornets,109,1.0,0.0,,,,,,
502,New York Knicks,122,Houston Rockets,129,0.0,1.0,,,,,,
503,Los Angeles Clippers,88,Oklahoma City Thunder,114,0.0,1.0,,,,,,
504,Memphis Grizzlies,112,Sacramento Kings,98,1.0,0.0,,,,,,
505,Phoenix Suns,86,Utah Jazz,91,0.0,1.0,,,,,,
506,San Antonio Spurs,112,Atlanta Hawks,114,0.0,1.0,,,,,,
507,Orlando Magic,104,Indiana Pacers,117,0.0,1.0,,,,,,
508,Toronto Raptors,123,Los Angeles Lakers,114,1.0,0.0,,,,,,
509,Detroit Pistons,107,Miami Heat,98,1.0,0.0,,,,,,
510,Portland Trail Blazers,95,Minnesota Timberwolves,89,1.0,0.0,,,,,,
511,Utah Jazz,101,Brooklyn Nets,89,1.0,0.0,,,,,,
512,Charlotte Hornets,111,Chicago Bulls,118,0.0,1.0,,,,,,
513,New Orleans Pelicans,82,Cleveland Cavaliers,90,0.0,1.0,,,,,,
514,Denver Nuggets,119,Golden State Warriors,127,0.0,1.0,,,,,,
515,Washington Wizards,91,Houston Rockets,101,0.0,1.0,,,,,,
516,Phoenix Suns,98,Los Angeles Clippers,109,0.0,1.0,,,,,,
517,Oklahoma City Thunder,94,Milwaukee Bucks,98,0.0,1.0,,,,,,
518,Orlando Magic,115,New York Knicks,103,1.0,0.0,,,,,,
519,Utah Jazz,104,Boston Celtics,115,0.0,1.0,,,,,,
520,Washington Wizards,105,Dallas Mavericks,113,0.0,1.0,,,,,,
521,Sacramento Kings,120,Denver Nuggets,113,1.0,0.0,,,,,,
522,Indiana Pacers,121,Detroit Pistons,116,1.0,0.0,,,,,,
523,Memphis Grizzlies,102,Los Angeles Lakers,116,0.0,1.0,,,,,,
524,Minnesota Timberwolves,91,Philadelphia 76ers,93,0.0,1.0,,,,,,
525,Miami Heat,90,Phoenix Suns,99,0.0,1.0,,,,,,
526,Toronto Raptors,82,San Antonio Spurs,110,0.0,1.0,,,,,,
527,Oklahoma City Thunder,112,Charlotte Hornets,123,0.0,1.0,,,,,,
528,Chicago Bulls,106,Cleveland Cavaliers,94,1.0,0.0,,,,,,
529,Portland Trail Blazers,117,Golden State Warriors,125,0.0,1.0,,,,,,
530,Memphis Grizzlies,106,Los Angeles Clippers,115,0.0,1.0,,,,,,
531,Milwaukee Bucks,105,New York Knicks,104,1.0,0.0,,,,,,
532,Atlanta Hawks,111,Orlando Magic,92,1.0,0.0,,,,,,
533,Miami Heat,107,Sacramento Kings,102,1.0,0.0,,,,,,
534,Phoenix Suns,102,Dallas Mavericks,95,1.0,0.0,,,,,,
535,San Antonio Spurs,127,Denver Nuggets,99,1.0,0.0,,,,,,
536,Charlotte Hornets,114,Detroit Pistons,115,0.0,1.0,,,,,,
537,Oklahoma City Thunder,116,Houston Rockets,118,0.0,1.0,,,,,,
538,Brooklyn Nets,109,Indiana Pacers,121,0.0,1.0,,,,,,
539,Atlanta Hawks,99,New Orleans Pelicans,94,1.0,0.0,,,,,,
540,Los Angeles Lakers,109,Portland Trail Blazers,118,0.0,1.0,,,,,,
541,Utah Jazz,93,Toronto Raptors,101,0.0,1.0,,,,,,
542,Philadelphia 76ers,106,Boston Celtics,110,0.0,1.0,,,,,,
543,Cleveland Cavaliers,116,Brooklyn Nets,108,1.0,0.0,,,,,,
544,Memphis Grizzlies,128,Golden State Warriors,119,1.0,0.0,,,,,,
545,Miami Heat,100,Los Angeles Lakers,127,0.0,1.0,,,,,,
546,New York Knicks,116,Milwaukee Bucks,111,1.0,0.0,,,,,,
547,Houston Rockets,100,Orlando Magic,93,1.0,0.0,,,,,,
548,Los Angeles Clippers,106,Sacramento Kings,98,1.0,0.0,,,,,,
549,Minnesota Timberwolves,105,Washington Wizards,112,0.0,1.0,,,,,,
550,New Orleans Pelicans,108,Boston Celtics,117,0.0,1.0,,,,,,
551,Toronto Raptors,118,Chicago Bulls,123,0.0,1.0,,,,,,
552,Atlanta Hawks,97,Dallas Mavericks,82,1.0,0.0,,,,,,
553,New York Knicks,109,Indiana Pacers,123,0.0,1.0,,,,,,
554,Utah Jazz,94,Minnesota Timberwolves,92,1.0,0.0,,,,,,
555,Denver Nuggets,106,Oklahoma City Thunder,121,0.0,1.0,,,,,,
556,Charlotte Hornets,85,San Antonio Spurs,102,0.0,1.0,,,,,,
557,Philadelphia 76ers,105,Brooklyn Nets,95,1.0,0.0,,,,,,
558,Miami Heat,86,Los Angeles Clippers,98,0.0,1.0,,,,,,
559,Orlando Magic,95,Los Angeles Lakers,111,0.0,1.0,,,,,,
560,Utah Jazz,79,Memphis Grizzlies,88,0.0,1.0,,,,,,
561,Washington Wizards,107,Milwaukee Bucks,101,1.0,0.0,,,,,,
562,Cleveland Cavaliers,120,Phoenix Suns,116,1.0,0.0,,,,,,
563,Detroit Pistons,125,Portland Trail Blazers,124,1.0,0.0,,,,,,
564,Golden State Warriors,117,Sacramento Kings,106,1.0,0.0,,,,,,
565,Houston Rockets,129,Toronto Raptors,122,1.0,0.0,,,,,,
566,Oklahoma City Thunder,109,Chicago Bulls,94,1.0,0.0,,,,,,
567,Dallas Mavericks,92,Minnesota Timberwolves,101,0.0,1.0,,,,,,
568,New Orleans Pelicans,110,New York Knicks,96,1.0,0.0,,,,,,
569,Atlanta Hawks,117,Brooklyn Nets,97,1.0,0.0,,,,,,
570,Miami Heat,95,Golden State Warriors,107,0.0,1.0,,,,,,
571,Charlotte Hornets,114,Houston Rockets,121,0.0,1.0,,,,,,
572,Portland Trail Blazers,108,Los Angeles Lakers,87,1.0,0.0,,,,,,
573,Detroit Pistons,94,Sacramento Kings,100,0.0,1.0,,,,,,
574,Milwaukee Bucks,109,San Antonio Spurs,107,1.0,0.0,,,,,,
575,Boston Celtics,106,Toronto Raptors,114,0.0,1.0,,,,,,
576,Cleveland Cavaliers,92,Utah Jazz,100,0.0,1.0,,,,,,
577,Chicago Bulls,99,Washington Wizards,101,0.0,1.0,,,,,,
578,Washington Wizards,108,Boston Celtics,117,0.0,1.0,,,,,,
579,Orlando Magic,96,Los Angeles Clippers,105,0.0,1.0,,,,,,
580,Houston Rockets,105,Minnesota Timberwolves,119,0.0,1.0,,,,,,
581,Memphis Grizzlies,95,Oklahoma City Thunder,103,0.0,1.0,,,,,,
582,New York Knicks,97,Philadelphia 76ers,98,0.0,1.0,,,,,,
583,Cleveland Cavaliers,86,Portland Trail Blazers,102,0.0,1.0,,,,,,
584,New Orleans Pelicans,104,Brooklyn Nets,95,1.0,0.0,,,,,,
585,Indiana Pacers,112,Denver Nuggets,140,0.0,1.0,,,,,,
586,Detroit Pistons,107,Golden State Warriors,127,0.0,1.0,,,,,,
587,Chicago Bulls,89,New York Knicks,104,0.0,1.0,,,,,,
588,Dallas Mavericks,113,Phoenix Suns,108,1.0,0.0,,,,,,
589,Los Angeles Lakers,94,San Antonio Spurs,134,0.0,1.0,,,,,,
590,Boston Celtics,103,Atlanta Hawks,101,1.0,0.0,,,,,,
591,Memphis Grizzlies,110,Houston Rockets,105,1.0,0.0,,,,,,
592,Miami Heat,108,Milwaukee Bucks,116,0.0,1.0,,,,,,
593,Oklahoma City Thunder,86,Minnesota Timberwolves,96,0.0,1.0,,,,,,
594,Charlotte Hornets,93,Philadelphia 76ers,102,0.0,1.0,,,,,,
595,Orlando Magic,115,Portland Trail Blazers,109,1.0,0.0,,,,,,
596,Cleveland Cavaliers,120,Sacramento Kings,108,1.0,0.0,,,,,,
597,Brooklyn Nets,113,Toronto Raptors,132,0.0,1.0,,,,,,
598,Detroit Pistons,77,Utah Jazz,110,0.0,1.0,,,,,,
599,New Orleans Pelicans,99,Chicago Bulls,107,0.0,1.0,,,,,,
600,Los Angeles Lakers,97,Los Angeles Clippers,113,0.0,1.0,,,,,,
601,San Antonio Spurs,105,Phoenix Suns,108,0.0,1.0,,,,,,
602,Orlando Magic,107,Utah Jazz,114,0.0,1.0,,,,,,
603,Philadelphia 76ers,93,Washington Wizards,109,0.0,1.0,,,,,,
604,Milwaukee Bucks,98,Atlanta Hawks,111,0.0,1.0,,,,,,
605,Houston Rockets,137,Brooklyn Nets,112,1.0,0.0,,,,,,
606,Minnesota Timberwolves,87,Dallas Mavericks,98,0.0,1.0,,,,,,
607,Detroit Pistons,102,Los Angeles Lakers,97,1.0,0.0,,,,,,
608,Chicago Bulls,108,Memphis Grizzlies,104,1.0,0.0,,,,,,
609,Oklahoma City Thunder,122,Sacramento Kings,118,1.0,0.0,,,,,,
610,New York Knicks,101,Toronto Raptors,116,0.0,1.0,,,,,,
611,Charlotte Hornets,98,Boston Celtics,108,0.0,1.0,,,,,,
612,Orlando Magic,112,Denver Nuggets,125,0.0,1.0,,,,,,
613,Cleveland Cavaliers,91,Golden State Warriors,126,0.0,1.0,,,,,,
614,New Orleans Pelicans,95,Indiana Pacers,98,0.0,1.0,,,,,,
615,Oklahoma City Thunder,98,Los Angeles Clippers,120,0.0,1.0,,,,,,
616,Philadelphia 76ers,113,Milwaukee Bucks,104,1.0,0.0,,,,,,
617,Atlanta Hawks,108,New York Knicks,107,1.0,0.0,,,,,,
618,Utah Jazz,106,Phoenix Suns,101,1.0,0.0,,,,,,
619,Portland Trail Blazers,101,Washington Wizards,120,0.0,1.0,,,,,,
620,Toronto Raptors,119,Brooklyn Nets,109,1.0,0.0,,,,,,
621,Dallas Mavericks,99,Chicago Bulls,98,1.0,0.0,,,,,,
622,Denver Nuggets,127,Los Angeles Lakers,121,1.0,0.0,,,,,,
623,Houston Rockets,103,Miami Heat,109,0.0,1.0,,,,,,
624,Minnesota Timberwolves,114,San Antonio Spurs,122,0.0,1.0,,,,,,
625,New York Knicks,117,Boston Celtics,106,1.0,0.0,,,,,,
626,Portland Trail Blazers,85,Charlotte Hornets,107,0.0,1.0,,,,,,
627,Atlanta Hawks,95,Detroit Pistons,118,0.0,1.0,,,,,,
628,Oklahoma City Thunder,100,Golden State Warriors,121,0.0,1.0,,,,,,
629,Milwaukee Bucks,92,Houston Rockets,111,0.0,1.0,,,,,,
630,Orlando Magic,98,New Orleans Pelicans,118,0.0,1.0,,,,,,
631,Toronto Raptors,89,Philadelphia 76ers,94,0.0,1.0,,,,,,
632,Indiana Pacers,106,Sacramento Kings,100,1.0,0.0,,,,,,
633,Memphis Grizzlies,101,Washington Wizards,104,0.0,1.0,,,,,,
634,Phoenix Suns,103,Cleveland Cavaliers,118,0.0,1.0,,,,,,
635,Minnesota Timberwolves,104,Los Angeles Clippers,101,1.0,0.0,,,,,,
636,Dallas Mavericks,95,Miami Heat,99,0.0,1.0,,,,,,
637,Washington Wizards,113,New York Knicks,110,1.0,0.0,,,,,,
638,Denver Nuggets,104,San Antonio Spurs,118,0.0,1.0,,,,,,
639,Chicago Bulls,93,Atlanta Hawks,102,0.0,1.0,,,,,,
640,Toronto Raptors,78,Charlotte Hornets,113,0.0,1.0,,,,,,
641,Utah Jazz,112,Dallas Mavericks,107,1.0,0.0,,,,,,
642,Golden State Warriors,125,Houston Rockets,108,1.0,0.0,,,,,,
643,Indiana Pacers,95,Los Angeles Lakers,108,0.0,1.0,,,,,,
644,Sacramento Kings,91,Memphis Grizzlies,107,0.0,1.0,,,,,,
645,Brooklyn Nets,143,New Orleans Pelicans,114,1.0,0.0,,,,,,
646,Milwaukee Bucks,96,Orlando Magic,112,0.0,1.0,,,,,,
647,Portland Trail Blazers,92,Philadelphia 76ers,93,0.0,1.0,,,,,,
648,Philadelphia 76ers,93,Atlanta Hawks,110,0.0,1.0,,,,,,
649,Portland Trail Blazers,127,Boston Celtics,123,1.0,0.0,,,,,,
650,Sacramento Kings,99,Chicago Bulls,102,0.0,1.0,,,,,,
651,Brooklyn Nets,105,Charlotte Hornets,112,0.0,1.0,,,,,,
652,San Antonio Spurs,118,Cleveland Cavaliers,115,1.0,0.0,,,,,,
653,Los Angeles Clippers,98,Denver Nuggets,123,0.0,1.0,,,,,,
654,Washington Wizards,112,Detroit Pistons,113,0.0,1.0,,,,,,
655,Houston Rockets,119,Memphis Grizzlies,95,1.0,0.0,,,,,,
656,Milwaukee Bucks,97,Miami Heat,109,0.0,1.0,,,,,,
657,Phoenix Suns,107,New York Knicks,105,1.0,0.0,,,,,,
658,Indiana Pacers,100,Utah Jazz,109,0.0,1.0,,,,,,
659,Los Angeles Lakers,73,Dallas Mavericks,122,0.0,1.0,,,,,,
660,Denver Nuggets,108,Minnesota Timberwolves,111,0.0,1.0,,,,,,
661,Golden State Warriors,118,Orlando Magic,98,1.0,0.0,,,,,,
662,Phoenix Suns,115,Toronto Raptors,103,1.0,0.0,,,,,,
663,Los Angeles Clippers,115,Atlanta Hawks,105,1.0,0.0,,,,,,
664,San Antonio Spurs,112,Brooklyn Nets,86,1.0,0.0,,,,,,
665,Washington Wizards,109,Charlotte Hornets,99,1.0,0.0,,,,,,
666,Sacramento Kings,109,Detroit Pistons,104,1.0,0.0,,,,,,
667,New York Knicks,109,Indiana Pacers,103,1.0,0.0,,,,,,
668,Golden State Warriors,102,Miami Heat,105,0.0,1.0,,,,,,
669,Houston Rockets,114,Milwaukee Bucks,127,0.0,1.0,,,,,,
670,Cleveland Cavaliers,122,New Orleans Pelicans,124,0.0,1.0,,,,,,
671,Oklahoma City Thunder,97,Utah Jazz,95,1.0,0.0,,,,,,
672,Utah Jazz,93,Denver Nuggets,103,0.0,1.0,,,,,,
673,Chicago Bulls,100,Orlando Magic,92,1.0,0.0,,,,,,
674,Los Angeles Clippers,110,Philadelphia 76ers,121,0.0,1.0,,,,,,
675,Minnesota Timberwolves,112,Phoenix Suns,111,1.0,0.0,,,,,,
676,San Antonio Spurs,108,Toronto Raptors,106,1.0,0.0,,,,,,
677,Boston Celtics,108,Washington Wizards,123,0.0,1.0,,,,,,
678,Houston Rockets,109,Boston Celtics,120,0.0,1.0,,,,,,
679,Miami Heat,109,Brooklyn Nets,106,1.0,0.0,,,,,,
680,Atlanta Hawks,119,Chicago Bulls,114,1.0,0.0,,,,,,
681,Golden State Warriors,113,Charlotte Hornets,103,1.0,0.0,,,,,,
682,Sacramento Kings,116,Cleveland Cavaliers,112,1.0,0.0,,,,,,
683,New York Knicks,95,Dallas Mavericks,103,0.0,1.0,,,,,,
684,Toronto Raptors,99,Memphis Grizzlies,101,0.0,1.0,,,,,,
685,Philadelphia 76ers,114,Milwaukee Bucks,109,1.0,0.0,,,,,,
686,Oklahoma City Thunder,114,New Orleans Pelicans,105,1.0,0.0,,,,,,
687,Los Angeles Lakers,98,Portland Trail Blazers,105,0.0,1.0,,,,,,
688,Phoenix Suns,120,Denver Nuggets,127,0.0,1.0,,,,,,
689,Indiana Pacers,109,Minnesota Timberwolves,103,1.0,0.0,,,,,,
690,Dallas Mavericks,98,Oklahoma City Thunder,109,0.0,1.0,,,,,,
691,Los Angeles Lakers,88,Utah Jazz,96,0.0,1.0,,,,,,
692,Washington Wizards,112,Atlanta Hawks,86,1.0,0.0,,,,,,
693,Orlando Magic,98,Boston Celtics,128,0.0,1.0,,,,,,
694,Miami Heat,100,Chicago Bulls,88,1.0,0.0,,,,,,
695,Brooklyn Nets,116,Cleveland Cavaliers,124,0.0,1.0,,,,,,
696,Sacramento Kings,111,Indiana Pacers,115,0.0,1.0,,,,,,
697,San Antonio Spurs,103,New Orleans Pelicans,119,0.0,1.0,,,,,,
698,Charlotte Hornets,107,New York Knicks,110,0.0,1.0,,,,,,
699,Houston Rockets,123,Philadelphia 76ers,118,1.0,0.0,,,,,,
700,Memphis Grizzlies,109,Portland Trail Blazers,112,0.0,1.0,,,,,,
701,Milwaukee Bucks,86,Toronto Raptors,102,0.0,1.0,,,,,,
702,Sacramento Kings,109,Charlotte Hornets,106,1.0,0.0,,,,,,
703,Los Angeles Clippers,98,Golden State Warriors,144,0.0,1.0,,,,,,
704,Detroit Pistons,103,Miami Heat,116,0.0,1.0,,,,,,
705,Boston Celtics,112,Milwaukee Bucks,108,1.0,0.0,,,,,,
706,Brooklyn Nets,109,Minnesota Timberwolves,129,0.0,1.0,,,,,,
707,Denver Nuggets,123,Phoenix Suns,112,1.0,0.0,,,,,,
708,Memphis Grizzlies,102,Utah Jazz,95,1.0,0.0,,,,,,
709,New York Knicks,139,Atlanta Hawks,142,0.0,1.0,,,,,,
710,Philadelphia 76ers,108,Chicago Bulls,121,0.0,1.0,,,,,,
711,Oklahoma City Thunder,91,Cleveland Cavaliers,107,0.0,1.0,,,,,,
712,Houston Rockets,101,Indiana Pacers,120,0.0,1.0,,,,,,
713,Washington Wizards,107,New Orleans Pelicans,94,1.0,0.0,,,,,,
714,Golden State Warriors,113,Portland Trail Blazers,111,1.0,0.0,,,,,,
715,Dallas Mavericks,105,San Antonio Spurs,101,1.0,0.0,,,,,,
716,Orlando Magic,114,Toronto Raptors,113,1.0,0.0,,,,,,
717,Detroit Pistons,109,Boston Celtics,113,0.0,1.0,,,,,,
718,Cleveland Cavaliers,97,Dallas Mavericks,104,0.0,1.0,,,,,,
719,Brooklyn Nets,96,Miami Heat,104,0.0,1.0,,,,,,
720,Orlando Magic,105,Minnesota Timberwolves,111,0.0,1.0,,,,,,
721,Sacramento Kings,119,Philadelphia 76ers,122,0.0,1.0,,,,,,
722,Memphis Grizzlies,115,Phoenix Suns,96,1.0,0.0,,,,,,
723,Sacramento Kings,83,Houston Rockets,105,0.0,1.0,,,,,,
724,Denver Nuggets,116,Los Angeles Lakers,120,0.0,1.0,,,,,,
725,Charlotte Hornets,98,Portland Trail Blazers,115,0.0,1.0,,,,,,
726,Oklahoma City Thunder,94,San Antonio Spurs,108,0.0,1.0,,,,,,
727,New Orleans Pelicans,106,Toronto Raptors,108,0.0,1.0,,,,,,
728,New York Knicks,101,Washington Wizards,117,0.0,1.0,,,,,,
729,Toronto Raptors,104,Boston Celtics,109,0.0,1.0,,,,,,
730,New York Knicks,95,Brooklyn Nets,90,1.0,0.0,,,,,,
731,Minnesota Timberwolves,97,Cleveland Cavaliers,125,0.0,1.0,,,,,,
732,Philadelphia 76ers,95,Dallas Mavericks,113,0.0,1.0,,,,,,
733,Memphis Grizzlies,119,Denver Nuggets,99,1.0,0.0,,,,,,
734,New Orleans Pelicans,98,Detroit Pistons,118,0.0,1.0,,,,,,
735,Charlotte Hornets,111,Golden State Warriors,126,0.0,1.0,,,,,,
736,Atlanta Hawks,93,Miami Heat,116,0.0,1.0,,,,,,
737,Chicago Bulls,128,Oklahoma City Thunder,100,1.0,0.0,,,,,,
738,Indiana Pacers,98,Orlando Magic,88,1.0,0.0,,,,,,
739,Los Angeles Clippers,124,Phoenix Suns,114,1.0,0.0,,,,,,
740,Milwaukee Bucks,88,Utah Jazz,104,0.0,1.0,,,,,,
741,Atlanta Hawks,113,Houston Rockets,108,1.0,0.0,,,,,,
742,Golden State Warriors,133,Los Angeles Clippers,120,1.0,0.0,,,,,,
743,Philadelphia 76ers,86,San Antonio Spurs,102,0.0,1.0,,,,,,
744,Los Angeles Lakers,108,Washington Wizards,116,0.0,1.0,,,,,,
745,Los Angeles Lakers,107,Boston Celtics,113,0.0,1.0,,,,,,
746,Indiana Pacers,106,Brooklyn Nets,97,1.0,0.0,,,,,,
747,Milwaukee Bucks,117,Denver Nuggets,121,0.0,1.0,,,,,,
748,Minnesota Timberwolves,108,Detroit Pistons,116,0.0,1.0,,,,,,
749,Chicago Bulls,117,Houston Rockets,121,0.0,1.0,,,,,,
750,Memphis Grizzlies,102,Oklahoma City Thunder,114,0.0,1.0,,,,,,
751,Toronto Raptors,94,Orlando Magic,102,0.0,1.0,,,,,,
752,Dallas Mavericks,108,Portland Trail Blazers,104,1.0,0.0,,,,,,
753,Phoenix Suns,105,Sacramento Kings,103,1.0,0.0,,,,,,
754,Orlando Magic,86,Atlanta Hawks,113,0.0,1.0,,,,,,
755,Detroit Pistons,84,Indiana Pacers,105,0.0,1.0,,,,,,
756,Philadelphia 76ers,102,Miami Heat,125,0.0,1.0,,,,,,
757,Memphis Grizzlies,107,Minnesota Timberwolves,99,1.0,0.0,,,,,,
758,Cleveland Cavaliers,111,New York Knicks,104,1.0,0.0,,,,,,
759,Milwaukee Bucks,137,Phoenix Suns,112,1.0,0.0,,,,,,
760,Golden State Warriors,106,Sacramento Kings,109,0.0,1.0,,,,,,
761,Denver Nuggets,97,San Antonio Spurs,121,0.0,1.0,,,,,,
762,Charlotte Hornets,98,Utah Jazz,105,0.0,1.0,,,,,,
763,New Orleans Pelicans,91,Washington Wizards,105,0.0,1.0,,,,,,
764,Los Angeles Clippers,102,Boston Celtics,107,0.0,1.0,,,,,,
765,Toronto Raptors,103,Brooklyn Nets,95,1.0,0.0,,,,,,
766,Portland Trail Blazers,99,Oklahoma City Thunder,105,0.0,1.0,,,,,,
767,Utah Jazz,120,Atlanta Hawks,95,1.0,0.0,,,,,,
768,Dallas Mavericks,87,Denver Nuggets,110,0.0,1.0,,,,,,
769,Philadelphia 76ers,96,Detroit Pistons,113,0.0,1.0,,,,,,
770,Oklahoma City Thunder,90,Indiana Pacers,93,0.0,1.0,,,,,,
771,San Antonio Spurs,74,Memphis Grizzlies,89,0.0,1.0,,,,,,
772,Miami Heat,115,Minnesota Timberwolves,113,1.0,0.0,,,,,,
773,Phoenix Suns,106,New Orleans Pelicans,111,0.0,1.0,,,,,,
774,Los Angeles Lakers,121,New York Knicks,107,1.0,0.0,,,,,,
775,Chicago Bulls,112,Sacramento Kings,107,1.0,0.0,,,,,,
776,Los Angeles Clippers,109,Toronto Raptors,118,0.0,1.0,,,,,,
777,Cleveland Cavaliers,140,Washington Wizards,135,1.0,0.0,,,,,,
778,Brooklyn Nets,107,Charlotte Hornets,111,0.0,1.0,,,,,,
779,Portland Trail Blazers,114,Dallas Mavericks,113,1.0,0.0,,,,,,
780,Orlando Magic,104,Houston Rockets,128,0.0,1.0,,,,,,
781,Denver Nuggets,106,Atlanta Hawks,117,0.0,1.0,,,,,,
782,Washington Wizards,114,Brooklyn Nets,110,1.0,0.0,,,,,,
783,Los Angeles Lakers,102,Detroit Pistons,121,0.0,1.0,,,,,,
784,Chicago Bulls,92,Golden State Warriors,123,0.0,1.0,,,,,,
785,Cleveland Cavaliers,132,Indiana Pacers,117,1.0,0.0,,,,,,
786,Phoenix Suns,91,Memphis Grizzlies,110,0.0,1.0,,,,,,
787,Miami Heat,106,Milwaukee Bucks,88,1.0,0.0,,,,,,
788,Toronto Raptors,109,Minnesota Timberwolves,112,0.0,1.0,,,,,,
789,Utah Jazz,127,New Orleans Pelicans,94,1.0,0.0,,,,,,
790,Los Angeles Clippers,119,New York Knicks,115,1.0,0.0,,,,,,
791,San Antonio Spurs,111,Philadelphia 76ers,103,1.0,0.0,,,,,,
792,Boston Celtics,92,Sacramento Kings,108,0.0,1.0,,,,,,
793,Houston Rockets,107,Charlotte Hornets,95,1.0,0.0,,,,,,
794,Utah Jazz,105,Dallas Mavericks,112,0.0,1.0,,,,,,
795,Cleveland Cavaliers,109,Oklahoma City Thunder,118,0.0,1.0,,,,,,
796,Philadelphia 76ers,112,Orlando Magic,111,1.0,0.0,,,,,,
797,Boston Celtics,120,Portland Trail Blazers,111,1.0,0.0,,,,,,
798,Miami Heat,108,Brooklyn Nets,99,1.0,0.0,,,,,,
799,San Antonio Spurs,103,Detroit Pistons,92,1.0,0.0,,,,,,
800,Golden State Warriors,122,Memphis Grizzlies,107,1.0,0.0,,,,,,
801,Los Angeles Lakers,122,Milwaukee Bucks,114,1.0,0.0,,,,,,
802,New Orleans Pelicans,122,Minnesota Timberwolves,106,1.0,0.0,,,,,,
803,Denver Nuggets,131,New York Knicks,123,1.0,0.0,,,,,,
804,Chicago Bulls,97,Phoenix Suns,115,0.0,1.0,,,,,,
805,Atlanta Hawks,107,Sacramento Kings,108,0.0,1.0,,,,,,
806,Indiana Pacers,107,Washington Wizards,112,0.0,1.0,,,,,,
807,Los Angeles Clippers,107,Charlotte Hornets,102,1.0,0.0,,,,,,
808,Denver Nuggets,109,Cleveland Cavaliers,125,0.0,1.0,,,,,,
809,Orlando Magic,80,Dallas Mavericks,112,0.0,1.0,,,,,,
810,Phoenix Suns,102,Houston Rockets,133,0.0,1.0,,,,,,
811,Milwaukee Bucks,116,Indiana Pacers,100,1.0,0.0,,,,,,
812,Golden State Warriors,130,Oklahoma City Thunder,114,1.0,0.0,,,,,,
813,Miami Heat,109,Philadelphia 76ers,117,0.0,1.0,,,,,,
814,Boston Celtics,112,Utah Jazz,104,1.0,0.0,,,,,,
815,Chicago Bulls,89,Minnesota Timberwolves,117,0.0,1.0,,,,,,
816,San Antonio Spurs,90,New York Knicks,94,0.0,1.0,,,,,,
817,New Orleans Pelicans,99,Sacramento Kings,105,0.0,1.0,,,,,,
818,Detroit Pistons,102,Toronto Raptors,101,1.0,0.0,,,,,,
819,Memphis Grizzlies,112,Brooklyn Nets,103,1.0,0.0,,,,,,
820,Philadelphia 76ers,105,Charlotte Hornets,99,1.0,0.0,,,,,,
821,Boston Celtics,111,Dallas Mavericks,98,1.0,0.0,,,,,,
822,Golden State Warriors,110,Denver Nuggets,132,0.0,1.0,,,,,,
823,San Antonio Spurs,110,Indiana Pacers,106,1.0,0.0,,,,,,
824,Orlando Magic,116,Miami Heat,107,1.0,0.0,,,,,,
825,Detroit Pistons,89,Milwaukee Bucks,102,0.0,1.0,,,,,,
826,New Orleans Pelicans,110,Phoenix Suns,108,1.0,0.0,,,,,,
827,Atlanta Hawks,109,Portland Trail Blazers,104,1.0,0.0,,,,,,
828,Los Angeles Clippers,88,Utah Jazz,72,1.0,0.0,,,,,,
829,Oklahoma City Thunder,98,Washington Wizards,120,0.0,1.0,,,,,,
830,Toronto Raptors,94,Chicago Bulls,105,0.0,1.0,,,,,,
831,Sacramento Kings,97,Los Angeles Lakers,96,1.0,0.0,,,,,,
832,Cleveland Cavaliers,116,Minnesota Timberwolves,108,1.0,0.0,,,,,,
833,Philadelphia 76ers,108,Boston Celtics,116,0.0,1.0,,,,,,
834,Milwaukee Bucks,129,Brooklyn Nets,125,1.0,0.0,,,,,,
835,Indiana Pacers,104,Cleveland Cavaliers,113,0.0,1.0,,,,,,
836,Minnesota Timberwolves,112,Denver Nuggets,99,1.0,0.0,,,,,,
837,Dallas Mavericks,91,Detroit Pistons,98,0.0,1.0,,,,,,
838,Sacramento Kings,86,Golden State Warriors,109,0.0,1.0,,,,,,
839,Miami Heat,117,Houston Rockets,109,1.0,0.0,,,,,,
840,Atlanta Hawks,84,Los Angeles Clippers,99,0.0,1.0,,,,,,
841,New Orleans Pelicans,95,Memphis Grizzlies,91,1.0,0.0,,,,,,
842,New York Knicks,105,Oklahoma City Thunder,116,0.0,1.0,,,,,,
843,San Antonio Spurs,107,Orlando Magic,79,1.0,0.0,,,,,,
844,Los Angeles Lakers,101,Phoenix Suns,137,0.0,1.0,,,,,,
845,Charlotte Hornets,85,Toronto Raptors,90,0.0,1.0,,,,,,
846,Portland Trail Blazers,88,Utah Jazz,111,0.0,1.0,,,,,,
847,Boston Celtics,103,Chicago Bulls,104,0.0,1.0,,,,,,
848,Washington Wizards,111,Indiana Pacers,98,1.0,0.0,,,,,,
849,New York Knicks,104,Cleveland Cavaliers,119,0.0,1.0,,,,,,
850,Charlotte Hornets,108,Detroit Pistons,114,0.0,1.0,,,,,,
851,Los Angeles Clippers,113,Golden State Warriors,123,0.0,1.0,,,,,,
852,Houston Rockets,129,New Orleans Pelicans,99,1.0,0.0,,,,,,
853,Portland Trail Blazers,112,Orlando Magic,103,1.0,0.0,,,,,,
854,Denver Nuggets,100,Sacramento Kings,116,0.0,1.0,,,,,,
855,Miami Heat,108,Atlanta Hawks,90,1.0,0.0,,,,,,
856,Phoenix Suns,121,Chicago Bulls,128,0.0,1.0,,,,,,
857,Brooklyn Nets,109,Denver Nuggets,129,0.0,1.0,,,,,,
858,Memphis Grizzlies,92,Indiana Pacers,102,0.0,1.0,,,,,,
859,San Antonio Spurs,105,Los Angeles Clippers,97,1.0,0.0,,,,,,
860,Utah Jazz,109,Milwaukee Bucks,95,1.0,0.0,,,,,,
861,Dallas Mavericks,84,Minnesota Timberwolves,97,0.0,1.0,,,,,,
862,Los Angeles Lakers,93,Oklahoma City Thunder,110,0.0,1.0,,,,,,
863,Washington Wizards,112,Philadelphia 76ers,120,0.0,1.0,,,,,,
864,Boston Celtics,97,Toronto Raptors,107,0.0,1.0,,,,,,
865,Chicago Bulls,117,Cleveland Cavaliers,99,1.0,0.0,,,,,,
866,New Orleans Pelicans,83,Dallas Mavericks,96,0.0,1.0,,,,,,
867,Brooklyn Nets,95,Golden State Warriors,112,0.0,1.0,,,,,,
868,Minnesota Timberwolves,130,Houston Rockets,142,0.0,1.0,,,,,,
869,Indiana Pacers,95,Miami Heat,113,0.0,1.0,,,,,,
870,Philadelphia 76ers,109,New York Knicks,110,0.0,1.0,,,,,,
871,Atlanta Hawks,86,Orlando Magic,105,0.0,1.0,,,,,,
872,Charlotte Hornets,99,Sacramento Kings,85,1.0,0.0,,,,,,
873,Memphis Grizzlies,105,Denver Nuggets,98,1.0,0.0,,,,,,
874,Boston Celtics,104,Detroit Pistons,98,1.0,0.0,,,,,,
875,Charlotte Hornets,121,Los Angeles Clippers,124,0.0,1.0,,,,,,
876,San Antonio Spurs,119,Los Angeles Lakers,98,1.0,0.0,,,,,,
877,Phoenix Suns,96,Milwaukee Bucks,100,0.0,1.0,,,,,,
878,New Orleans Pelicans,110,Oklahoma City Thunder,118,0.0,1.0,,,,,,
879,Portland Trail Blazers,106,Toronto Raptors,112,0.0,1.0,,,,,,
880,Utah Jazz,102,Washington Wizards,92,1.0,0.0,,,,,,
881,Atlanta Hawks,114,Boston Celtics,98,1.0,0.0,,,,,,
882,Milwaukee Bucks,95,Cleveland Cavaliers,102,0.0,1.0,,,,,,
883,Miami Heat,89,Dallas Mavericks,96,0.0,1.0,,,,,,
884,Indiana Pacers,117,Houston Rockets,108,1.0,0.0,,,,,,
885,Toronto Raptors,92,New York Knicks,91,1.0,0.0,,,,,,
886,Golden State Warriors,119,Philadelphia 76ers,108,1.0,0.0,,,,,,
887,Minnesota Timberwolves,102,Sacramento Kings,88,1.0,0.0,,,,,,
888,Denver Nuggets,125,Chicago Bulls,107,1.0,0.0,,,,,,
889,Portland Trail Blazers,113,Detroit Pistons,120,0.0,1.0,,,,,,
890,Charlotte Hornets,109,Los Angeles Lakers,104,1.0,0.0,,,,,,
891,Phoenix Suns,112,Memphis Grizzlies,130,0.0,1.0,,,,,,
892,Utah Jazz,106,Oklahoma City Thunder,109,0.0,1.0,,,,,,
893,Golden State Warriors,108,Washington Wizards,112,0.0,1.0,,,,,,
894,Dallas Mavericks,95,Atlanta Hawks,100,0.0,1.0,,,,,,
895,Cleveland Cavaliers,99,Boston Celtics,103,0.0,1.0,,,,,,
896,Houston Rockets,122,Los Angeles Clippers,103,1.0,0.0,,,,,,
897,Philadelphia 76ers,98,Miami Heat,125,0.0,1.0,,,,,,
898,Denver Nuggets,110,Milwaukee Bucks,98,1.0,0.0,,,,,,
899,Detroit Pistons,86,New Orleans Pelicans,109,0.0,1.0,,,,,,
900,New York Knicks,101,Orlando Magic,90,1.0,0.0,,,,,,
901,Brooklyn Nets,109,Sacramento Kings,100,1.0,0.0,,,,,,
902,Indiana Pacers,99,San Antonio Spurs,100,0.0,1.0,,,,,,
903,Washington Wizards,105,Toronto Raptors,96,1.0,0.0,,,,,,
904,Minnesota Timberwolves,107,Utah Jazz,80,1.0,0.0,,,,,,
905,Golden State Warriors,87,Chicago Bulls,94,0.0,1.0,,,,,,
906,Charlotte Hornets,103,Phoenix Suns,120,0.0,1.0,,,,,,
907,Oklahoma City Thunder,109,Portland Trail Blazers,114,0.0,1.0,,,,,,
908,Cleveland Cavaliers,135,Atlanta Hawks,130,1.0,0.0,,,,,,
909,Memphis Grizzlies,100,Dallas Mavericks,104,0.0,1.0,,,,,,
910,Boston Celtics,115,Los Angeles Lakers,95,1.0,0.0,,,,,,
911,Los Angeles Clippers,101,Milwaukee Bucks,112,0.0,1.0,,,,,,
912,San Antonio Spurs,101,New Orleans Pelicans,98,1.0,0.0,,,,,,
913,Miami Heat,99,Orlando Magic,110,0.0,1.0,,,,,,
914,New York Knicks,102,Philadelphia 76ers,105,0.0,1.0,,,,,,
915,Oklahoma City Thunder,111,Phoenix Suns,118,0.0,1.0,,,,,,
916,Brooklyn Nets,97,Utah Jazz,112,0.0,1.0,,,,,,
917,Toronto Raptors,114,Washington Wizards,106,1.0,0.0,,,,,,
918,Los Angeles Clippers,101,Chicago Bulls,91,1.0,0.0,,,,,,
919,Charlotte Hornets,112,Denver Nuggets,102,1.0,0.0,,,,,,
920,Memphis Grizzlies,108,Houston Rockets,123,0.0,1.0,,,,,,
921,Cleveland Cavaliers,92,Miami Heat,120,0.0,1.0,,,,,,
922,Toronto Raptors,94,Milwaukee Bucks,101,0.0,1.0,,,,,,
923,Detroit Pistons,136,Philadelphia 76ers,106,1.0,0.0,,,,,,
924,Brooklyn Nets,116,Portland Trail Blazers,130,0.0,1.0,,,,,,
925,Minnesota Timberwolves,90,San Antonio Spurs,97,0.0,1.0,,,,,,
926,Indiana Pacers,97,Atlanta Hawks,96,1.0,0.0,,,,,,
927,Oklahoma City Thunder,89,Dallas Mavericks,104,0.0,1.0,,,,,,
928,New Orleans Pelicans,105,Los Angeles Lakers,97,1.0,0.0,,,,,,
929,Golden State Warriors,112,New York Knicks,105,1.0,0.0,,,,,,
930,Boston Celtics,106,Phoenix Suns,109,0.0,1.0,,,,,,
931,Utah Jazz,110,Sacramento Kings,109,1.0,0.0,,,,,,
932,Orlando Magic,114,Washington Wizards,115,0.0,1.0,,,,,,
933,Golden State Warriors,119,Atlanta Hawks,111,1.0,0.0,,,,,,
934,Indiana Pacers,88,Charlotte Hornets,100,0.0,1.0,,,,,,
935,Miami Heat,106,Cleveland Cavaliers,98,1.0,0.0,,,,,,
936,Sacramento Kings,96,Denver Nuggets,108,0.0,1.0,,,,,,
937,Chicago Bulls,95,Detroit Pistons,109,0.0,1.0,,,,,,
938,Boston Celtics,102,Los Angeles Clippers,116,0.0,1.0,,,,,,
939,Brooklyn Nets,122,Memphis Grizzlies,109,1.0,0.0,,,,,,
940,New York Knicks,113,Orlando Magic,105,1.0,0.0,,,,,,
941,Milwaukee Bucks,112,Philadelphia 76ers,98,1.0,0.0,,,,,,
942,Houston Rockets,110,San Antonio Spurs,112,0.0,1.0,,,,,,
943,New Orleans Pelicans,83,Utah Jazz,88,0.0,1.0,,,,,,
944,Los Angeles Lakers,111,Dallas Mavericks,122,0.0,1.0,,,,,,
945,Portland Trail Blazers,126,Oklahoma City Thunder,121,1.0,0.0,,,,,,
946,Washington Wizards,131,Phoenix Suns,127,1.0,0.0,,,,,,
947,Brooklyn Nets,105,Atlanta Hawks,110,0.0,1.0,,,,,,
948,Washington Wizards,123,Denver Nuggets,113,1.0,0.0,,,,,,
949,Boston Celtics,99,Golden State Warriors,86,1.0,0.0,,,,,,
950,Utah Jazz,115,Houston Rockets,108,1.0,0.0,,,,,,
951,Detroit Pistons,98,Indiana Pacers,115,0.0,1.0,,,,,,
952,Charlotte Hornets,101,Miami Heat,108,0.0,1.0,,,,,,
953,New York Knicks,93,Milwaukee Bucks,104,0.0,1.0,,,,,,
954,Los Angeles Clippers,91,Minnesota Timberwolves,107,0.0,1.0,,,,,,
955,Toronto Raptors,94,New Orleans Pelicans,87,1.0,0.0,,,,,,
956,Chicago Bulls,91,Orlando Magic,98,0.0,1.0,,,,,,
957,Sacramento Kings,104,San Antonio Spurs,114,0.0,1.0,,,,,,
958,Cleveland Cavaliers,101,Detroit Pistons,106,0.0,1.0,,,,,,
959,Los Angeles Clippers,114,Memphis Grizzlies,98,1.0,0.0,,,,,,
960,San Antonio Spurs,92,Oklahoma City Thunder,102,0.0,1.0,,,,,,
961,Los Angeles Lakers,122,Phoenix Suns,110,1.0,0.0,,,,,,
962,Philadelphia 76ers,108,Portland Trail Blazers,114,0.0,1.0,,,,,,
963,Toronto Raptors,99,Atlanta Hawks,105,0.0,1.0,,,,,,
964,Houston Rockets,115,Chicago Bulls,94,1.0,0.0,,,,,,
965,Orlando Magic,81,Charlotte Hornets,121,0.0,1.0,,,,,,
966,Brooklyn Nets,96,Dallas Mavericks,105,0.0,1.0,,,,,,
967,Boston Celtics,99,Denver Nuggets,119,0.0,1.0,,,,,,
968,Indiana Pacers,85,Milwaukee Bucks,99,0.0,1.0,,,,,,
969,Golden State Warriors,102,Minnesota Timberwolves,103,0.0,1.0,,,,,,
970,Washington Wizards,130,Sacramento Kings,122,1.0,0.0,,,,,,
971,New Orleans Pelicans,125,Charlotte Hornets,122,1.0,0.0,,,,,,
972,Phoenix Suns,100,Dallas Mavericks,98,1.0,0.0,,,,,,
973,New York Knicks,92,Detroit Pistons,112,0.0,1.0,,,,,,
974,Philadelphia 76ers,100,Los Angeles Clippers,112,0.0,1.0,,,,,,
975,Atlanta Hawks,107,Memphis Grizzlies,90,1.0,0.0,,,,,,
976,Toronto Raptors,89,Miami Heat,104,0.0,1.0,,,,,,
977,Minnesota Timberwolves,95,Milwaukee Bucks,102,0.0,1.0,,,,,,
978,Utah Jazz,104,Oklahoma City Thunder,112,0.0,1.0,,,,,,
979,Cleveland Cavaliers,116,Orlando Magic,104,1.0,0.0,,,,,,
980,Washington Wizards,125,Portland Trail Blazers,124,1.0,0.0,,,,,,
981,Denver Nuggets,105,Sacramento Kings,92,1.0,0.0,,,,,,
982,Golden State Warriors,85,San Antonio Spurs,107,0.0,1.0,,,,,,
983,Chicago Bulls,80,Boston Celtics,100,0.0,1.0,,,,,,
984,New York Knicks,112,Brooklyn Nets,120,0.0,1.0,,,,,,
985,Cleveland Cavaliers,112,Houston Rockets,117,0.0,1.0,,,,,,
986,Miami Heat,98,Indiana Pacers,102,0.0,1.0,,,,,,
987,Philadelphia 76ers,118,Los Angeles Lakers,116,1.0,0.0,,,,,,
988,Portland Trail Blazers,110,Phoenix Suns,101,1.0,0.0,,,,,,
989,Chicago Bulls,115,Charlotte Hornets,109,1.0,0.0,,,,,,
990,Los Angeles Lakers,101,Denver Nuggets,129,0.0,1.0,,,,,,
991,Milwaukee Bucks,93,Memphis Grizzlies,113,0.0,1.0,,,,,,
992,Washington Wizards,104,Minnesota Timberwolves,119,0.0,1.0,,,,,,
993,Orlando Magic,115,Sacramento Kings,120,0.0,1.0,,,,,,
994,Atlanta Hawks,99,San Antonio Spurs,107,0.0,1.0,,,,,,
995,Dallas Mavericks,78,Toronto Raptors,100,0.0,1.0,,,,,,
996,Los Angeles Clippers,108,Utah Jazz,114,0.0,1.0,,,,,,
997,Oklahoma City Thunder,122,Brooklyn Nets,104,1.0,0.0,,,,,,
998,Detroit Pistons,96,Cleveland Cavaliers,128,0.0,1.0,,,,,,
999,Philadelphia 76ers,104,Golden State Warriors,106,0.0,1.0,,,,,,
1000,Portland Trail Blazers,77,New Orleans Pelicans,100,0.0,1.0,,,,,,
1001,Indiana Pacers,81,New York Knicks,87,0.0,1.0,,,,,,
1002,Minnesota Timberwolves,104,Boston Celtics,117,0.0,1.0,,,,,,
1003,Memphis Grizzlies,98,Chicago Bulls,91,1.0,0.0,,,,,,
1004,Utah Jazz,97,Detroit Pistons,83,1.0,0.0,,,,,,
1005,Los Angeles Lakers,100,Houston Rockets,139,0.0,1.0,,,,,,
1006,Charlotte Hornets,77,Indiana Pacers,98,0.0,1.0,,,,,,
1007,Milwaukee Bucks,97,Los Angeles Clippers,96,1.0,0.0,,,,,,
1008,New Orleans Pelicans,112,Miami Heat,120,0.0,1.0,,,,,,
1009,Sacramento Kings,107,Phoenix Suns,101,1.0,0.0,,,,,,
1010,Portland Trail Blazers,110,San Antonio Spurs,106,1.0,0.0,,,,,,
1011,Dallas Mavericks,112,Washington Wizards,107,1.0,0.0,,,,,,
1012,Memphis Grizzlies,103,Atlanta Hawks,91,1.0,0.0,,,,,,
1013,Utah Jazz,83,Cleveland Cavaliers,91,0.0,1.0,,,,,,
1014,Los Angeles Clippers,114,Denver Nuggets,129,0.0,1.0,,,,,,
1015,Orlando Magic,92,Golden State Warriors,122,0.0,1.0,,,,,,
1016,Brooklyn Nets,121,New York Knicks,110,1.0,0.0,,,,,,
1017,Oklahoma City Thunder,123,Toronto Raptors,102,1.0,0.0,,,,,,
1018,Boston Celtics,98,Brooklyn Nets,95,1.0,0.0,,,,,,
1019,Toronto Raptors,87,Detroit Pistons,75,1.0,0.0,,,,,,
1020,Milwaukee Bucks,107,Los Angeles Lakers,103,1.0,0.0,,,,,,
1021,Minnesota Timberwolves,105,Miami Heat,123,0.0,1.0,,,,,,
1022,Houston Rockets,112,New Orleans Pelicans,128,0.0,1.0,,,,,,
1023,Dallas Mavericks,74,Philadelphia 76ers,116,0.0,1.0,,,,,,
1024,Orlando Magic,109,Phoenix Suns,103,1.0,0.0,,,,,,
1025,Chicago Bulls,107,Washington Wizards,112,0.0,1.0,,,,,,
1026,Portland Trail Blazers,113,Atlanta Hawks,97,1.0,0.0,,,,,,
1027,Utah Jazz,86,Chicago Bulls,95,0.0,1.0,,,,,,
1028,Washington Wizards,93,Charlotte Hornets,98,0.0,1.0,,,,,,
1029,Houston Rockets,109,Denver Nuggets,105,1.0,0.0,,,,,,
1030,Milwaukee Bucks,92,Golden State Warriors,117,0.0,1.0,,,,,,
1031,Cleveland Cavaliers,78,Los Angeles Clippers,108,0.0,1.0,,,,,,
1032,San Antonio Spurs,96,Memphis Grizzlies,104,0.0,1.0,,,,,,
1033,Sacramento Kings,94,Oklahoma City Thunder,110,0.0,1.0,,,,,,
1034,Dallas Mavericks,111,Brooklyn Nets,104,1.0,0.0,,,,,,
1035,Phoenix Suns,95,Detroit Pistons,112,0.0,1.0,,,,,,
1036,Cleveland Cavaliers,125,Los Angeles Lakers,120,1.0,0.0,,,,,,
1037,Portland Trail Blazers,115,Miami Heat,104,1.0,0.0,,,,,,
1038,Minnesota Timberwolves,109,New Orleans Pelicans,123,0.0,1.0,,,,,,
1039,Boston Celtics,99,Philadelphia 76ers,105,0.0,1.0,,,,,,
1040,Sacramento Kings,102,San Antonio Spurs,118,0.0,1.0,,,,,,
1041,Indiana Pacers,91,Toronto Raptors,116,0.0,1.0,,,,,,
1042,Washington Wizards,102,Boston Celtics,110,0.0,1.0,,,,,,
1043,Atlanta Hawks,90,Charlotte Hornets,105,0.0,1.0,,,,,,
1044,Denver Nuggets,124,Houston Rockets,125,0.0,1.0,,,,,,
1045,Utah Jazz,100,Indiana Pacers,107,0.0,1.0,,,,,,
1046,New York Knicks,105,Los Angeles Clippers,114,0.0,1.0,,,,,,
1047,Golden State Warriors,111,Oklahoma City Thunder,95,1.0,0.0,,,,,,
1048,Philadelphia 76ers,109,Orlando Magic,112,0.0,1.0,,,,,,
1049,Detroit Pistons,96,Brooklyn Nets,98,0.0,1.0,,,,,,
1050,Golden State Warriors,112,Dallas Mavericks,87,1.0,0.0,,,,,,
1051,Los Angeles Clippers,133,Los Angeles Lakers,109,1.0,0.0,,,,,,
1052,Phoenix Suns,97,Miami Heat,112,0.0,1.0,,,,,,
1053,San Antonio Spurs,100,Minnesota Timberwolves,93,1.0,0.0,,,,,,
1054,Memphis Grizzlies,82,New Orleans Pelicans,95,0.0,1.0,,,,,,
1055,Milwaukee Bucks,93,Portland Trail Blazers,90,1.0,0.0,,,,,,
1056,Chicago Bulls,120,Toronto Raptors,122,0.0,1.0,,,,,,
1057,Indiana Pacers,100,Boston Celtics,109,0.0,1.0,,,,,,
1058,Detroit Pistons,95,Chicago Bulls,117,0.0,1.0,,,,,,
1059,Cleveland Cavaliers,113,Denver Nuggets,126,0.0,1.0,,,,,,
1060,Philadelphia 76ers,97,Oklahoma City Thunder,122,0.0,1.0,,,,,,
1061,Charlotte Hornets,109,Orlando Magic,102,1.0,0.0,,,,,,
1062,Milwaukee Bucks,116,Sacramento Kings,98,1.0,0.0,,,,,,
1063,New York Knicks,101,Utah Jazz,108,0.0,1.0,,,,,,
1064,Atlanta Hawks,100,Washington Wizards,104,0.0,1.0,,,,,,
1065,Phoenix Suns,98,Brooklyn Nets,126,0.0,1.0,,,,,,
1066,Los Angeles Clippers,95,Dallas Mavericks,97,0.0,1.0,,,,,,
1067,Toronto Raptors,101,Miami Heat,84,1.0,0.0,,,,,,
1068,New York Knicks,95,Portland Trail Blazers,110,0.0,1.0,,,,,,
1069,Memphis Grizzlies,90,San Antonio Spurs,97,0.0,1.0,,,,,,
1070,Phoenix Suns,120,Boston Celtics,130,0.0,1.0,,,,,,
1071,Philadelphia 76ers,117,Chicago Bulls,107,1.0,0.0,,,,,,
1072,Cleveland Cavaliers,112,Charlotte Hornets,105,1.0,0.0,,,,,,
1073,Sacramento Kings,100,Golden State Warriors,114,0.0,1.0,,,,,,
1074,New Orleans Pelicans,107,Houston Rockets,117,0.0,1.0,,,,,,
1075,Denver Nuggets,125,Indiana Pacers,117,1.0,0.0,,,,,,
1076,Minnesota Timberwolves,119,Los Angeles Lakers,130,0.0,1.0,,,,,,
1077,Atlanta Hawks,97,Milwaukee Bucks,100,0.0,1.0,,,,,,
1078,Detroit Pistons,87,Orlando Magic,115,0.0,1.0,,,,,,
1079,Brooklyn Nets,108,Washington Wizards,129,0.0,1.0,,,,,,
1080,Washington Wizards,127,Cleveland Cavaliers,115,1.0,0.0,,,,,,
1081,Toronto Raptors,94,Dallas Mavericks,86,1.0,0.0,,,,,,
1082,Utah Jazz,95,Los Angeles Clippers,108,0.0,1.0,,,,,,
1083,Minnesota Timberwolves,100,Portland Trail Blazers,112,0.0,1.0,,,,,,
1084,New York Knicks,98,San Antonio Spurs,106,0.0,1.0,,,,,,
1085,Brooklyn Nets,107,Atlanta Hawks,92,1.0,0.0,,,,,,
1086,Miami Heat,108,Boston Celtics,112,0.0,1.0,,,,,,
1087,Phoenix Suns,106,Charlotte Hornets,120,0.0,1.0,,,,,,
1088,New Orleans Pelicans,115,Denver Nuggets,90,1.0,0.0,,,,,,
1089,Memphis Grizzlies,94,Golden State Warriors,106,0.0,1.0,,,,,,
1090,Oklahoma City Thunder,125,Houston Rockets,137,0.0,1.0,,,,,,
1091,Philadelphia 76ers,94,Indiana Pacers,107,0.0,1.0,,,,,,
1092,Sacramento Kings,98,Los Angeles Clippers,97,1.0,0.0,,,,,,
1093,Portland Trail Blazers,97,Los Angeles Lakers,81,1.0,0.0,,,,,,
1094,Chicago Bulls,109,Milwaukee Bucks,94,1.0,0.0,,,,,,
1095,Oklahoma City Thunder,92,Dallas Mavericks,91,1.0,0.0,,,,,,
1096,Detroit Pistons,95,New York Knicks,109,0.0,1.0,,,,,,
1097,Memphis Grizzlies,90,Sacramento Kings,91,0.0,1.0,,,,,,
1098,Cleveland Cavaliers,74,San Antonio Spurs,103,0.0,1.0,,,,,,
1099,Orlando Magic,112,Toronto Raptors,131,0.0,1.0,,,,,,
1100,New Orleans Pelicans,100,Utah Jazz,108,0.0,1.0,,,,,,
1101,Phoenix Suns,91,Atlanta Hawks,95,0.0,1.0,,,,,,
1102,Philadelphia 76ers,106,Brooklyn Nets,101,1.0,0.0,,,,,,
1103,Milwaukee Bucks,118,Charlotte Hornets,108,1.0,0.0,,,,,,
1104,Miami Heat,97,Detroit Pistons,96,1.0,0.0,,,,,,
1105,Golden State Warriors,113,Houston Rockets,106,1.0,0.0,,,,,,
1106,Minnesota Timberwolves,115,Indiana Pacers,114,1.0,0.0,,,,,,
1107,Washington Wizards,119,Los Angeles Lakers,108,1.0,0.0,,,,,,
1108,Denver Nuggets,113,Portland Trail Blazers,122,0.0,1.0,,,,,,
1109,Milwaukee Bucks,103,Boston Celtics,100,1.0,0.0,,,,,,
1110,Washington Wizards,124,Los Angeles Clippers,133,0.0,1.0,,,,,,
1111,Indiana Pacers,97,Memphis Grizzlies,110,0.0,1.0,,,,,,
1112,Dallas Mavericks,118,New Orleans Pelicans,121,0.0,1.0,,,,,,
1113,Miami Heat,105,New York Knicks,88,1.0,0.0,,,,,,
1114,Oklahoma City Thunder,114,Orlando Magic,106,1.0,0.0,,,,,,
1115,Atlanta Hawks,99,Philadelphia 76ers,92,1.0,0.0,,,,,,
1116,Utah Jazz,112,Sacramento Kings,82,1.0,0.0,,,,,,
1117,Golden State Warriors,110,San Antonio Spurs,98,1.0,0.0,,,,,,
1118,Charlotte Hornets,110,Toronto Raptors,106,1.0,0.0,,,,,,
1119,Cleveland Cavaliers,93,Chicago Bulls,99,0.0,1.0,,,,,,
1120,Brooklyn Nets,89,Detroit Pistons,90,0.0,1.0,,,,,,
1121,Los Angeles Lakers,104,Minnesota Timberwolves,119,0.0,1.0,,,,,,
1122,Los Angeles Clippers,124,Phoenix Suns,118,1.0,0.0,,,,,,
1123,Houston Rockets,107,Portland Trail Blazers,117,0.0,1.0,,,,,,
1124,Orlando Magic,116,Boston Celtics,117,0.0,1.0,,,,,,
1125,Denver Nuggets,114,Charlotte Hornets,122,0.0,1.0,,,,,,
1126,Philadelphia 76ers,105,Cleveland Cavaliers,122,0.0,1.0,,,,,,
1127,Houston Rockets,98,Golden State Warriors,107,0.0,1.0,,,,,,
1128,Dallas Mavericks,90,Memphis Grizzlies,99,0.0,1.0,,,,,,
1129,New York Knicks,98,Miami Heat,94,1.0,0.0,,,,,,
1130,Detroit Pistons,105,Milwaukee Bucks,108,0.0,1.0,,,,,,
1131,Sacramento Kings,89,New Orleans Pelicans,117,0.0,1.0,,,,,,
1132,San Antonio Spurs,100,Oklahoma City Thunder,95,1.0,0.0,,,,,,
1133,Indiana Pacers,100,Toronto Raptors,111,0.0,1.0,,,,,,
1134,Washington Wizards,88,Utah Jazz,95,0.0,1.0,,,,,,
1135,Orlando Magic,111,Brooklyn Nets,121,0.0,1.0,,,,,,
1136,Atlanta Hawks,104,Chicago Bulls,106,0.0,1.0,,,,,,
1137,Los Angeles Lakers,104,Los Angeles Clippers,115,0.0,1.0,,,,,,
1138,Sacramento Kings,123,Minnesota Timberwolves,117,1.0,0.0,,,,,,
1139,Phoenix Suns,117,Portland Trail Blazers,130,0.0,1.0,,,,,,
1140,Atlanta Hawks,82,Brooklyn Nets,91,0.0,1.0,,,,,,
1141,Indiana Pacers,130,Cleveland Cavaliers,135,0.0,1.0,,,,,,
1142,Washington Wizards,115,Golden State Warriors,139,0.0,1.0,,,,,,
1143,Memphis Grizzlies,103,Los Angeles Lakers,108,0.0,1.0,,,,,,
1144,Denver Nuggets,116,Miami Heat,113,1.0,0.0,,,,,,
1145,Dallas Mavericks,109,Milwaukee Bucks,105,1.0,0.0,,,,,,
1146,Chicago Bulls,117,New Orleans Pelicans,110,1.0,0.0,,,,,,
1147,Boston Celtics,110,New York Knicks,94,1.0,0.0,,,,,,
1148,Charlotte Hornets,113,Oklahoma City Thunder,101,1.0,0.0,,,,,,
1149,Houston Rockets,123,Phoenix Suns,116,1.0,0.0,,,,,,
1150,Utah Jazz,103,San Antonio Spurs,109,0.0,1.0,,,,,,
1151,Philadelphia 76ers,105,Toronto Raptors,113,0.0,1.0,,,,,,
1152,Portland Trail Blazers,109,Minnesota Timberwolves,110,0.0,1.0,,,,,,
1153,Orlando Magic,102,Cleveland Cavaliers,122,0.0,1.0,,,,,,
1154,Minnesota Timberwolves,107,Golden State Warriors,121,0.0,1.0,,,,,,
1155,Toronto Raptors,90,Indiana Pacers,108,0.0,1.0,,,,,,
1156,Denver Nuggets,134,New Orleans Pelicans,131,1.0,0.0,,,,,,
1157,Chicago Bulls,91,New York Knicks,100,0.0,1.0,,,,,,
1158,Milwaukee Bucks,79,Oklahoma City Thunder,110,0.0,1.0,,,,,,
1159,Brooklyn Nets,141,Philadelphia 76ers,118,1.0,0.0,,,,,,
1160,Dallas Mavericks,87,Sacramento Kings,98,0.0,1.0,,,,,,
1161,Memphis Grizzlies,89,San Antonio Spurs,95,0.0,1.0,,,,,,
1162,Portland Trail Blazers,87,Utah Jazz,106,0.0,1.0,,,,,,
1163,Charlotte Hornets,111,Washington Wizards,118,0.0,1.0,,,,,,
1164,Cleveland Cavaliers,114,Boston Celtics,91,1.0,0.0,,,,,,
1165,Miami Heat,112,Charlotte Hornets,99,1.0,0.0,,,,,,
1166,Toronto Raptors,105,Detroit Pistons,102,1.0,0.0,,,,,,
1167,Denver Nuggets,104,Houston Rockets,110,0.0,1.0,,,,,,
1168,Dallas Mavericks,101,Los Angeles Clippers,112,0.0,1.0,,,,,,
1169,Oklahoma City Thunder,103,Memphis Grizzlies,100,1.0,0.0,,,,,,
1170,Golden State Warriors,120,Phoenix Suns,111,1.0,0.0,,,,,,
1171,Los Angeles Lakers,102,San Antonio Spurs,95,1.0,0.0,,,,,,
1172,Boston Celtics,116,Atlanta Hawks,123,0.0,1.0,,,,,,
1173,Milwaukee Bucks,89,Indiana Pacers,104,0.0,1.0,,,,,,
1174,Washington Wizards,106,New York Knicks,103,1.0,0.0,,,,,,
1175,Brooklyn Nets,107,Orlando Magic,115,0.0,1.0,,,,,,
1176,Chicago Bulls,102,Philadelphia 76ers,90,1.0,0.0,,,,,,
1177,Minnesota Timberwolves,98,Portland Trail Blazers,105,0.0,1.0,,,,,,
1178,Atlanta Hawks,114,Cleveland Cavaliers,100,1.0,0.0,,,,,,
1179,San Antonio Spurs,102,Dallas Mavericks,89,1.0,0.0,,,,,,
1180,New Orleans Pelicans,106,Denver Nuggets,122,0.0,1.0,,,,,,
1181,Detroit Pistons,114,Houston Rockets,109,1.0,0.0,,,,,,
1182,Sacramento Kings,94,Los Angeles Lakers,98,0.0,1.0,,,,,,
1183,New York Knicks,88,Memphis Grizzlies,101,0.0,1.0,,,,,,
1184,Oklahoma City Thunder,99,Phoenix Suns,120,0.0,1.0,,,,,,
1185,Miami Heat,94,Toronto Raptors,96,0.0,1.0,,,,,,
1186,Minnesota Timberwolves,113,Utah Jazz,120,0.0,1.0,,,,,,
1187,Chicago Bulls,106,Brooklyn Nets,107,0.0,1.0,,,,,,
1188,Boston Celtics,121,Charlotte Hornets,114,1.0,0.0,,,,,,
1189,New Orleans Pelicans,101,Golden State Warriors,123,0.0,1.0,,,,,,
1190,Indiana Pacers,127,Orlando Magic,112,1.0,0.0,,,,,,
1191,Milwaukee Bucks,90,Philadelphia 76ers,82,1.0,0.0,,,,,,
1192,Utah Jazz,86,Portland Trail Blazers,101,0.0,1.0,,,,,,
1193,Los Angeles Clippers,98,San Antonio Spurs,87,1.0,0.0,,,,,,
1194,Miami Heat,106,Washington Wizards,103,1.0,0.0,,,,,,
1195,Cleveland Cavaliers,125,Atlanta Hawks,126,0.0,1.0,,,,,,
1196,Oklahoma City Thunder,106,Denver Nuggets,105,1.0,0.0,,,,,,
1197,Minnesota Timberwolves,109,Los Angeles Lakers,110,0.0,1.0,,,,,,
1198,Detroit Pistons,103,Memphis Grizzlies,90,1.0,0.0,,,,,,
1199,Toronto Raptors,110,New York Knicks,97,1.0,0.0,,,,,,
1200,Dallas Mavericks,111,Phoenix Suns,124,0.0,1.0,,,,,,
1201,Houston Rockets,135,Sacramento Kings,128,1.0,0.0,,,,,,
1202,Brooklyn Nets,105,Boston Celtics,114,0.0,1.0,,,,,,
1203,Orlando Magic,75,Chicago Bulls,122,0.0,1.0,,,,,,
1204,Washington Wizards,105,Detroit Pistons,101,1.0,0.0,,,,,,
1205,Utah Jazz,105,Golden State Warriors,99,1.0,0.0,,,,,,
1206,Houston Rockets,96,Los Angeles Clippers,125,0.0,1.0,,,,,,
1207,Cleveland Cavaliers,121,Miami Heat,124,0.0,1.0,,,,,,
1208,Charlotte Hornets,79,Milwaukee Bucks,89,0.0,1.0,,,,,,
1209,Indiana Pacers,120,Philadelphia 76ers,111,1.0,0.0,,,,,,
1210,San Antonio Spurs,98,Portland Trail Blazers,99,0.0,1.0,,,,,,
1211,Charlotte Hornets,76,Atlanta Hawks,103,0.0,1.0,,,,,,
1212,Denver Nuggets,109,Dallas Mavericks,91,1.0,0.0,,,,,,
1213,New Orleans Pelicans,96,Los Angeles Lakers,108,0.0,1.0,,,,,,
1214,Oklahoma City Thunder,100,Minnesota Timberwolves,98,1.0,0.0,,,,,,
1215,Phoenix Suns,104,Sacramento Kings,129,0.0,1.0,,,,,,
1216,Milwaukee Bucks,94,Boston Celtics,112,0.0,1.0,,,,,,
1217,Brooklyn Nets,73,Chicago Bulls,112,0.0,1.0,,,,,,
1218,Toronto Raptors,98,Cleveland Cavaliers,83,1.0,0.0,,,,,,
1219,Los Angeles Lakers,94,Golden State Warriors,109,0.0,1.0,,,,,,
1220,Minnesota Timberwolves,118,Houston Rockets,123,0.0,1.0,,,,,,
1221,Atlanta Hawks,86,Indiana Pacers,104,0.0,1.0,,,,,,
1222,Sacramento Kings,95,Los Angeles Clippers,115,0.0,1.0,,,,,,
1223,Dallas Mavericks,100,Memphis Grizzlies,93,1.0,0.0,,,,,,
1224,Washington Wizards,102,Miami Heat,110,0.0,1.0,,,,,,
1225,Philadelphia 76ers,113,New York Knicks,114,0.0,1.0,,,,,,
1226,Denver Nuggets,111,Oklahoma City Thunder,105,1.0,0.0,,,,,,
1227,Detroit Pistons,109,Orlando Magic,113,0.0,1.0,,,,,,
1228,New Orleans Pelicans,103,Portland Trail Blazers,100,1.0,0.0,,,,,,
1229,San Antonio Spurs,97,Utah Jazz,101,0.0,1.0,,,,,,
